nobs,IdxCd,IdxNm,TrdDt,IdxMonRet
"8547","000032","上证能源",2010-01-29,"-0.1474"
"8548","000032","上证能源",2010-02-26,"-0.0002"
"8549","000032","上证能源",2010-03-31,"0.0172"
"8550","000032","上证能源",2010-04-30,"-0.0606"
"8551","000032","上证能源",2010-05-31,"-0.1269"
"8552","000032","上证能源",2010-06-30,"-0.1240"
"8553","000032","上证能源",2010-07-30,"0.1425"
"8554","000032","上证能源",2010-08-31,"0.0042"
"8555","000032","上证能源",2010-09-30,"-0.0030"
"8556","000032","上证能源",2010-10-29,"0.2881"
"8557","000032","上证能源",2010-11-30,"-0.0856"
"8558","000032","上证能源",2010-12-31,"0.0616"
"8559","000032","上证能源",2011-01-31,"-0.0423"
"8560","000032","上证能源",2011-02-28,"0.0484"
"8561","000032","上证能源",2011-03-31,"0.0299"
"8562","000032","上证能源",2011-04-29,"-0.0097"
"8563","000032","上证能源",2011-05-31,"-0.0688"
"8564","000032","上证能源",2011-06-30,"0.0328"
"8565","000032","上证能源",2011-07-29,"-0.0082"
"8566","000032","上证能源",2011-08-31,"-0.0484"
"8567","000032","上证能源",2011-09-30,"-0.0410"
"8568","000032","上证能源",2011-10-31,"-0.0063"
"8569","000032","上证能源",2011-11-30,"-0.0726"
"8570","000032","上证能源",2011-12-30,"-0.0693"
"8571","000032","上证能源",2012-01-31,"0.0871"
"8572","000032","上证能源",2012-02-29,"0.0576"
"8573","000032","上证能源",2012-03-30,"-0.0866"
"8574","000032","上证能源",2012-04-27,"0.0725"
"8575","000032","上证能源",2012-05-31,"-0.0207"
"8576","000032","上证能源",2012-06-29,"-0.1380"
"8577","000032","上证能源",2012-07-31,"-0.0312"
"8578","000032","上证能源",2012-08-31,"-0.0576"
"8579","000032","上证能源",2012-09-28,"0.0595"
"8580","000032","上证能源",2012-10-31,"-0.0299"
"8581","000032","上证能源",2012-11-30,"-0.0798"
"8582","000032","上证能源",2012-12-31,"0.1653"
"8583","000032","上证能源",2013-01-31,"0.0388"
"8584","000032","上证能源",2013-02-28,"-0.0284"
"8585","000032","上证能源",2013-03-29,"-0.0658"
"8586","000032","上证能源",2013-04-26,"-0.0712"
"8587","000032","上证能源",2013-05-31,"0.0169"
"8588","000032","上证能源",2013-06-28,"-0.2080"
"8589","000032","上证能源",2013-07-31,"-0.0544"
"8590","000032","上证能源",2013-08-30,"0.0586"
"8591","000032","上证能源",2013-09-30,"0.0086"
"8592","000032","上证能源",2013-10-31,"0.0148"
"8593","000032","上证能源",2013-11-29,"0.0290"
"8594","000032","上证能源",2013-12-31,"-0.0996"
"8595","000032","上证能源",2014-01-30,"-0.0978"
"8596","000032","上证能源",2014-02-28,"0.0192"
"8597","000032","上证能源",2014-03-31,"-0.0330"
"8598","000032","上证能源",2014-04-30,"-0.0231"
"8599","000032","上证能源",2014-05-30,"0.0224"
"8600","000032","上证能源",2014-06-30,"0.0027"
"8601","000032","上证能源",2014-07-31,"0.0865"
"8602","000032","上证能源",2014-08-29,"0.0286"
"8603","000032","上证能源",2014-09-30,"0.0395"
"8604","000032","上证能源",2014-10-31,"-0.0144"
"8605","000032","上证能源",2014-11-28,"0.0368"
"8606","000032","上证能源",2014-12-31,"0.1729"
"8607","000032","上证能源",2015-01-30,"-0.0322"
"8608","000032","上证能源",2015-02-27,"0.0138"
"8609","000032","上证能源",2015-03-31,"0.1027"
"8610","000032","上证能源",2015-04-30,"0.2067"
"8611","000032","上证能源",2015-05-29,"-0.0422"
"8612","000032","上证能源",2015-06-30,"0.0353"
"8613","000032","上证能源",2015-07-31,"-0.2060"
"8614","000032","上证能源",2015-08-31,"-0.1590"
"8615","000032","上证能源",2015-09-30,"-0.0802"
"8616","000032","上证能源",2015-10-30,"0.0848"
"8617","000032","上证能源",2015-11-30,"-0.0238"
"8618","000032","上证能源",2015-12-31,"0.0099"
"8619","000032","上证能源",2016-01-29,"-0.1658"
"8620","000032","上证能源",2016-02-29,"0.0182"
"8621","000032","上证能源",2016-03-31,"0.0573"
"8622","000032","上证能源",2016-04-29,"0.0309"
"8623","000032","上证能源",2016-05-31,"-0.0636"
"8624","000032","上证能源",2016-06-30,"-0.0009"
"8625","000032","上证能源",2016-07-29,"0.0348"
"8626","000032","上证能源",2016-08-31,"0.0398"
"8627","000032","上证能源",2016-09-30,"-0.0168"
"8628","000032","上证能源",2016-10-31,"0.0545"
"8629","000032","上证能源",2016-11-30,"0.0052"
"8630","000032","上证能源",2016-12-30,"-0.0105"
"8631","000032","上证能源",2017-01-26,"0.0446"
"8632","000032","上证能源",2017-02-28,"-0.0025"
"8633","000032","上证能源",2017-03-31,"-0.0074"
"8634","000032","上证能源",2017-04-28,"-0.0428"
"8635","000032","上证能源",2017-05-31,"0.0021"
"8636","000032","上证能源",2017-06-30,"0.0226"
"8637","000032","上证能源",2017-07-31,"0.0617"
"8638","000032","上证能源",2017-08-31,"0.0097"
"8639","000032","上证能源",2017-09-29,"-0.0055"
"8640","000032","上证能源",2017-10-31,"-0.0357"
"8641","000032","上证能源",2017-11-30,"0.0209"
"8642","000032","上证能源",2017-12-29,"-0.0003"
"8643","000032","上证能源",2018-01-31,"0.0974"
"8644","000032","上证能源",2018-02-28,"-0.0864"
"8645","000032","上证能源",2018-03-30,"-0.0675"
"8646","000032","上证能源",2018-04-27,"-0.0145"
"8647","000032","上证能源",2018-05-31,"-0.0060"
"8648","000032","上证能源",2018-06-29,"-0.0519"
"8649","000032","上证能源",2018-07-31,"-0.0091"
"8650","000032","上证能源",2018-08-31,"-0.0051"
"8651","000032","上证能源",2018-09-28,"0.0843"
"8652","000032","上证能源",2018-10-31,"-0.0757"
"8653","000032","上证能源",2018-11-30,"-0.0698"
"8654","000032","上证能源",2018-12-28,"-0.0768"
"8655","000032","上证能源",2019-01-31,"0.0589"
"8656","000032","上证能源",2019-02-28,"0.1054"
"8657","000032","上证能源",2019-03-29,"-0.0035"
"8658","000032","上证能源",2019-04-30,"-0.0106"
"8659","000032","上证能源",2019-05-31,"-0.0572"
"8660","000032","上证能源",2019-06-28,"0.0077"
"8661","000032","上证能源",2019-07-31,"-0.0329"
"8662","000032","上证能源",2019-08-30,"-0.0502"
"8663","000032","上证能源",2019-09-30,"0.0032"
"8664","000032","上证能源",2019-10-31,"-0.0196"
"8665","000032","上证能源",2019-11-29,"-0.0111"
"8666","000032","上证能源",2019-12-31,"0.0460"
"8667","000032","上证能源",2020-01-23,"-0.0482"
"8668","000032","上证能源",2020-02-28,"-0.0812"
"8669","000032","上证能源",2020-03-31,"-0.0530"
"8670","000032","上证能源",2020-04-30,"-0.0124"
"8671","000032","上证能源",2020-05-29,"-0.0268"
"8672","000032","上证能源",2020-06-30,"-0.0299"
"8673","000032","上证能源",2020-07-31,"0.0893"
"8674","000032","上证能源",2020-08-31,"0.0130"
"8675","000032","上证能源",2020-09-30,"-0.0337"
"8676","000032","上证能源",2020-10-30,"-0.0073"
"8677","000032","上证能源",2020-11-30,"0.1313"
"8678","000032","上证能源",2020-12-31,"-0.0408"
"8679","000032","上证能源",2021-01-29,"-0.0362"
"8680","000032","上证能源",2021-02-26,"0.0800"
"8681","000032","上证能源",2021-03-31,"0.0352"
"8682","000032","上证能源",2021-04-30,"0.0117"
"8683","000032","上证能源",2021-05-31,"0.0493"
"8684","000032","上证能源",2021-06-30,"0.0375"
"8685","000032","上证能源",2021-07-30,"-0.0358"
"8686","000032","上证能源",2021-08-31,"0.2122"
"8687","000032","上证能源",2021-09-30,"0.1001"
"8688","000032","上证能源",2021-10-29,"-0.1389"
"8689","000032","上证能源",2021-11-30,"-0.0698"
"8690","000032","上证能源",2021-12-31,"0.0602"
"8816","000033","上证材料",2010-01-29,"-0.1343"
"8817","000033","上证材料",2010-02-26,"0.0296"
"8818","000033","上证材料",2010-03-31,"0.0083"
"8819","000033","上证材料",2010-04-30,"-0.0689"
"8820","000033","上证材料",2010-05-31,"-0.0845"
"8821","000033","上证材料",2010-06-30,"-0.1237"
"8822","000033","上证材料",2010-07-30,"0.1392"
"8823","000033","上证材料",2010-08-31,"0.0620"
"8824","000033","上证材料",2010-09-30,"0.0914"
"8825","000033","上证材料",2010-10-29,"0.1937"
"8826","000033","上证材料",2010-11-30,"-0.1059"
"8827","000033","上证材料",2010-12-31,"0.0228"
"8828","000033","上证材料",2011-01-31,"-0.0593"
"8829","000033","上证材料",2011-02-28,"0.1285"
"8830","000033","上证材料",2011-03-31,"0.0361"
"8831","000033","上证材料",2011-04-29,"-0.0336"
"8832","000033","上证材料",2011-05-31,"-0.0709"
"8833","000033","上证材料",2011-06-30,"0.0481"
"8834","000033","上证材料",2011-07-29,"-0.0120"
"8835","000033","上证材料",2011-08-31,"-0.0757"
"8836","000033","上证材料",2011-09-30,"-0.1351"
"8837","000033","上证材料",2011-10-31,"0.0131"
"8838","000033","上证材料",2011-11-30,"-0.0900"
"8839","000033","上证材料",2011-12-30,"-0.1394"
"8840","000033","上证材料",2012-01-31,"0.1256"
"8841","000033","上证材料",2012-02-29,"0.0855"
"8842","000033","上证材料",2012-03-30,"-0.0809"
"8843","000033","上证材料",2012-04-27,"0.0647"
"8844","000033","上证材料",2012-05-31,"0.0239"
"8845","000033","上证材料",2012-06-29,"-0.1147"
"8846","000033","上证材料",2012-07-31,"-0.0761"
"8847","000033","上证材料",2012-08-31,"-0.0376"
"8848","000033","上证材料",2012-09-28,"0.0898"
"8849","000033","上证材料",2012-10-31,"-0.0507"
"8850","000033","上证材料",2012-11-30,"-0.0465"
"8851","000033","上证材料",2012-12-31,"0.1476"
"8852","000033","上证材料",2013-01-31,"0.0344"
"8853","000033","上证材料",2013-02-28,"-0.0262"
"8854","000033","上证材料",2013-03-29,"-0.0777"
"8855","000033","上证材料",2013-04-26,"-0.0498"
"8856","000033","上证材料",2013-05-31,"0.0207"
"8857","000033","上证材料",2013-06-28,"-0.1975"
"8858","000033","上证材料",2013-07-31,"0.0135"
"8859","000033","上证材料",2013-08-30,"0.0955"
"8860","000033","上证材料",2013-09-30,"0.0015"
"8861","000033","上证材料",2013-10-31,"-0.0415"
"8862","000033","上证材料",2013-11-29,"0.0517"
"8863","000033","上证材料",2013-12-31,"-0.0623"
"8864","000033","上证材料",2014-01-30,"-0.0561"
"8865","000033","上证材料",2014-02-28,"0.0009"
"8866","000033","上证材料",2014-03-31,"0.0092"
"8867","000033","上证材料",2014-04-30,"-0.0284"
"8868","000033","上证材料",2014-05-30,"0.0072"
"8869","000033","上证材料",2014-06-30,"0.0049"
"8870","000033","上证材料",2014-07-31,"0.1177"
"8871","000033","上证材料",2014-08-29,"0.0035"
"8872","000033","上证材料",2014-09-30,"0.0625"
"8873","000033","上证材料",2014-10-31,"0.0154"
"8874","000033","上证材料",2014-11-28,"0.0741"
"8875","000033","上证材料",2014-12-31,"0.1397"
"8876","000033","上证材料",2015-01-30,"0.0222"
"8877","000033","上证材料",2015-02-27,"0.0346"
"8878","000033","上证材料",2015-03-31,"0.1539"
"8879","000033","上证材料",2015-04-30,"0.1544"
"8880","000033","上证材料",2015-05-29,"0.0633"
"8881","000033","上证材料",2015-06-30,"-0.1020"
"8882","000033","上证材料",2015-07-31,"-0.2016"
"8883","000033","上证材料",2015-08-31,"-0.1155"
"8884","000033","上证材料",2015-09-30,"-0.0809"
"8885","000033","上证材料",2015-10-30,"0.0957"
"8886","000033","上证材料",2015-11-30,"0.0174"
"8887","000033","上证材料",2015-12-31,"0.0171"
"8888","000033","上证材料",2016-01-29,"-0.2516"
"8889","000033","上证材料",2016-02-29,"0.0418"
"8890","000033","上证材料",2016-03-31,"0.1127"
"8891","000033","上证材料",2016-04-29,"-0.0045"
"8892","000033","上证材料",2016-05-31,"-0.0285"
"8893","000033","上证材料",2016-06-30,"0.0135"
"8894","000033","上证材料",2016-07-29,"0.0559"
"8895","000033","上证材料",2016-08-31,"0.0143"
"8896","000033","上证材料",2016-09-30,"-0.0319"
"8897","000033","上证材料",2016-10-31,"0.0369"
"8898","000033","上证材料",2016-11-30,"0.0616"
"8899","000033","上证材料",2016-12-30,"-0.0472"
"8900","000033","上证材料",2017-01-26,"0.0561"
"8901","000033","上证材料",2017-02-28,"0.0328"
"8902","000033","上证材料",2017-03-31,"-0.0413"
"8903","000033","上证材料",2017-04-28,"0.0010"
"8904","000033","上证材料",2017-05-31,"-0.0525"
"8905","000033","上证材料",2017-06-30,"0.0709"
"8906","000033","上证材料",2017-07-31,"0.1726"
"8907","000033","上证材料",2017-08-31,"0.0432"
"8908","000033","上证材料",2017-09-29,"-0.0042"
"8909","000033","上证材料",2017-10-31,"-0.0340"
"8910","000033","上证材料",2017-11-30,"0.0178"
"8911","000033","上证材料",2017-12-29,"0.0010"
"8912","000033","上证材料",2018-01-31,"0.0513"
"8913","000033","上证材料",2018-02-28,"-0.0285"
"8914","000033","上证材料",2018-03-30,"-0.0592"
"8915","000033","上证材料",2018-04-27,"-0.0234"
"8916","000033","上证材料",2018-05-31,"-0.0225"
"8917","000033","上证材料",2018-06-29,"-0.0513"
"8918","000033","上证材料",2018-07-31,"0.0508"
"8919","000033","上证材料",2018-08-31,"-0.0737"
"8920","000033","上证材料",2018-09-28,"-0.0115"
"8921","000033","上证材料",2018-10-31,"-0.1014"
"8922","000033","上证材料",2018-11-30,"-0.0355"
"8923","000033","上证材料",2018-12-28,"-0.0364"
"8924","000033","上证材料",2019-01-31,"0.0275"
"8925","000033","上证材料",2019-02-28,"0.1710"
"8926","000033","上证材料",2019-03-29,"0.0523"
"8927","000033","上证材料",2019-04-30,"-0.0266"
"8928","000033","上证材料",2019-05-31,"-0.0567"
"8929","000033","上证材料",2019-06-28,"0.0354"
"8930","000033","上证材料",2019-07-31,"-0.0374"
"8931","000033","上证材料",2019-08-30,"-0.0176"
"8932","000033","上证材料",2019-09-30,"-0.0097"
"8933","000033","上证材料",2019-10-31,"-0.0155"
"8934","000033","上证材料",2019-11-29,"0.0201"
"8935","000033","上证材料",2019-12-31,"0.1399"
"8936","000033","上证材料",2020-01-23,"-0.0616"
"8937","000033","上证材料",2020-02-28,"-0.0294"
"8938","000033","上证材料",2020-03-31,"-0.0702"
"8939","000033","上证材料",2020-04-30,"0.0398"
"8940","000033","上证材料",2020-05-29,"0.0014"
"8941","000033","上证材料",2020-06-30,"0.0166"
"8942","000033","上证材料",2020-07-31,"0.2090"
"8943","000033","上证材料",2020-08-31,"0.0261"
"8944","000033","上证材料",2020-09-30,"-0.0883"
"8945","000033","上证材料",2020-10-30,"0.0204"
"8946","000033","上证材料",2020-11-30,"0.1571"
"8947","000033","上证材料",2020-12-31,"0.0254"
"8948","000033","上证材料",2021-01-29,"0.0788"
"8949","000033","上证材料",2021-02-26,"0.1048"
"8950","000033","上证材料",2021-03-31,"-0.1117"
"8951","000033","上证材料",2021-04-30,"0.0406"
"8952","000033","上证材料",2021-05-31,"0.0262"
"8953","000033","上证材料",2021-06-30,"-0.0419"
"8954","000033","上证材料",2021-07-30,"0.1267"
"8955","000033","上证材料",2021-08-31,"0.1128"
"8956","000033","上证材料",2021-09-30,"-0.1177"
"8957","000033","上证材料",2021-10-29,"-0.0278"
"8958","000033","上证材料",2021-11-30,"0.0041"
"8959","000033","上证材料",2021-12-31,"-0.0093"
"9024","000034","上证工业",2010-01-29,"-0.0462"
"9025","000034","上证工业",2010-02-26,"0.0215"
"9026","000034","上证工业",2010-03-31,"0.0060"
"9027","000034","上证工业",2010-04-30,"-0.0774"
"9028","000034","上证工业",2010-05-31,"-0.1022"
"9029","000034","上证工业",2010-06-30,"-0.0800"
"9030","000034","上证工业",2010-07-30,"0.1179"
"9031","000034","上证工业",2010-08-31,"0.0219"
"9032","000034","上证工业",2010-09-30,"0.0162"
"9033","000034","上证工业",2010-10-29,"0.1407"
"9034","000034","上证工业",2010-11-30,"-0.0552"
"9035","000034","上证工业",2010-12-31,"0.0182"
"9036","000034","上证工业",2011-01-31,"0.0674"
"9037","000034","上证工业",2011-02-28,"0.0233"
"9038","000034","上证工业",2011-03-31,"-0.0554"
"9039","000034","上证工业",2011-04-29,"-0.0171"
"9040","000034","上证工业",2011-05-31,"-0.0704"
"9041","000034","上证工业",2011-06-30,"0.0288"
"9042","000034","上证工业",2011-07-29,"-0.0567"
"9043","000034","上证工业",2011-08-31,"-0.0666"
"9044","000034","上证工业",2011-09-30,"-0.0930"
"9045","000034","上证工业",2011-10-31,"0.0406"
"9046","000034","上证工业",2011-11-30,"-0.0763"
"9047","000034","上证工业",2011-12-30,"-0.0938"
"9048","000034","上证工业",2012-01-31,"0.0418"
"9049","000034","上证工业",2012-02-29,"0.0708"
"9050","000034","上证工业",2012-03-30,"-0.0826"
"9051","000034","上证工业",2012-04-27,"0.0719"
"9052","000034","上证工业",2012-05-31,"-0.0033"
"9053","000034","上证工业",2012-06-29,"-0.0895"
"9054","000034","上证工业",2012-07-31,"-0.0918"
"9055","000034","上证工业",2012-08-31,"-0.0644"
"9056","000034","上证工业",2012-09-28,"0.0229"
"9057","000034","上证工业",2012-10-31,"-0.0091"
"9058","000034","上证工业",2012-11-30,"-0.0395"
"9059","000034","上证工业",2012-12-31,"0.1619"
"9060","000034","上证工业",2013-01-31,"0.0304"
"9061","000034","上证工业",2013-02-28,"0.0165"
"9062","000034","上证工业",2013-03-29,"-0.0820"
"9063","000034","上证工业",2013-04-26,"-0.0303"
"9064","000034","上证工业",2013-05-31,"0.0840"
"9065","000034","上证工业",2013-06-28,"-0.1577"
"9066","000034","上证工业",2013-07-31,"0.0022"
"9067","000034","上证工业",2013-08-30,"0.0805"
"9068","000034","上证工业",2013-09-30,"0.0402"
"9069","000034","上证工业",2013-10-31,"0.0051"
"9070","000034","上证工业",2013-11-29,"0.0697"
"9071","000034","上证工业",2013-12-31,"-0.0612"
"9072","000034","上证工业",2014-01-30,"-0.0646"
"9073","000034","上证工业",2014-02-28,"-0.0016"
"9074","000034","上证工业",2014-03-31,"-0.0305"
"9075","000034","上证工业",2014-04-30,"-0.0128"
"9076","000034","上证工业",2014-05-30,"-0.0061"
"9077","000034","上证工业",2014-06-30,"0.0044"
"9078","000034","上证工业",2014-07-31,"0.0781"
"9079","000034","上证工业",2014-08-29,"0.0107"
"9080","000034","上证工业",2014-09-30,"0.1402"
"9081","000034","上证工业",2014-10-31,"0.0558"
"9082","000034","上证工业",2014-11-28,"0.1062"
"9083","000034","上证工业",2014-12-31,"0.2978"
"9084","000034","上证工业",2015-01-30,"0.0005"
"9085","000034","上证工业",2015-02-27,"0.0392"
"9086","000034","上证工业",2015-03-31,"0.2190"
"9087","000034","上证工业",2015-04-30,"0.4193"
"9088","000034","上证工业",2015-05-29,"-0.0053"
"9089","000034","上证工业",2015-06-30,"-0.1526"
"9090","000034","上证工业",2015-07-31,"-0.1413"
"9091","000034","上证工业",2015-08-31,"-0.1111"
"9092","000034","上证工业",2015-09-30,"-0.0648"
"9093","000034","上证工业",2015-10-30,"0.0922"
"9094","000034","上证工业",2015-11-30,"-0.0527"
"9095","000034","上证工业",2015-12-31,"-0.0118"
"9096","000034","上证工业",2016-01-29,"-0.2515"
"9097","000034","上证工业",2016-02-29,"-0.0389"
"9098","000034","上证工业",2016-03-31,"0.1256"
"9099","000034","上证工业",2016-04-29,"-0.0610"
"9100","000034","上证工业",2016-05-31,"-0.0100"
"9101","000034","上证工业",2016-06-30,"-0.0285"
"9102","000034","上证工业",2016-07-29,"0.0384"
"9103","000034","上证工业",2016-08-31,"0.0351"
"9104","000034","上证工业",2016-09-30,"-0.0334"
"9105","000034","上证工业",2016-10-31,"0.0565"
"9106","000034","上证工业",2016-11-30,"0.1460"
"9107","000034","上证工业",2016-12-30,"-0.0765"
"9108","000034","上证工业",2017-01-26,"0.0288"
"9109","000034","上证工业",2017-02-28,"0.0282"
"9110","000034","上证工业",2017-03-31,"0.0063"
"9111","000034","上证工业",2017-04-28,"-0.0097"
"9112","000034","上证工业",2017-05-31,"-0.0423"
"9113","000034","上证工业",2017-06-30,"0.0251"
"9114","000034","上证工业",2017-07-31,"0.0325"
"9115","000034","上证工业",2017-08-31,"-0.0030"
"9116","000034","上证工业",2017-09-29,"-0.0219"
"9117","000034","上证工业",2017-10-31,"0.0392"
"9118","000034","上证工业",2017-11-30,"-0.0228"
"9119","000034","上证工业",2017-12-29,"-0.0029"
"9120","000034","上证工业",2018-01-31,"0.0242"
"9121","000034","上证工业",2018-02-28,"-0.0567"
"9122","000034","上证工业",2018-03-30,"-0.0357"
"9123","000034","上证工业",2018-04-27,"-0.0184"
"9124","000034","上证工业",2018-05-31,"-0.0245"
"9125","000034","上证工业",2018-06-29,"-0.0949"
"9126","000034","上证工业",2018-07-31,"0.0185"
"9127","000034","上证工业",2018-08-31,"-0.0516"
"9128","000034","上证工业",2018-09-28,"0.0281"
"9129","000034","上证工业",2018-10-31,"-0.0640"
"9130","000034","上证工业",2018-11-30,"0.0323"
"9131","000034","上证工业",2018-12-28,"-0.0145"
"9132","000034","上证工业",2019-01-31,"0.0241"
"9133","000034","上证工业",2019-02-28,"0.1206"
"9134","000034","上证工业",2019-03-29,"0.0457"
"9135","000034","上证工业",2019-04-30,"-0.0125"
"9136","000034","上证工业",2019-05-31,"-0.0683"
"9137","000034","上证工业",2019-06-28,"0.0358"
"9138","000034","上证工业",2019-07-31,"0.0020"
"9139","000034","上证工业",2019-08-30,"-0.0407"
"9140","000034","上证工业",2019-09-30,"-0.0024"
"9141","000034","上证工业",2019-10-31,"-0.0250"
"9142","000034","上证工业",2019-11-29,"-0.0008"
"9143","000034","上证工业",2019-12-31,"0.0642"
"9144","000034","上证工业",2020-01-23,"-0.0473"
"9145","000034","上证工业",2020-02-28,"-0.0216"
"9146","000034","上证工业",2020-03-31,"-0.0384"
"9147","000034","上证工业",2020-04-30,"0.0520"
"9148","000034","上证工业",2020-05-29,"-0.0366"
"9149","000034","上证工业",2020-06-30,"0.0183"
"9150","000034","上证工业",2020-07-31,"0.1394"
"9151","000034","上证工业",2020-08-31,"0.0439"
"9152","000034","上证工业",2020-09-30,"-0.0111"
"9153","000034","上证工业",2020-10-30,"-0.0040"
"9154","000034","上证工业",2020-11-30,"0.0774"
"9155","000034","上证工业",2020-12-31,"0.0728"
"9156","000034","上证工业",2021-01-29,"0.0518"
"9157","000034","上证工业",2021-02-26,"-0.0080"
"9158","000034","上证工业",2021-03-31,"-0.0483"
"9159","000034","上证工业",2021-04-30,"-0.0073"
"9160","000034","上证工业",2021-05-31,"0.0243"
"9161","000034","上证工业",2021-06-30,"0.0558"
"9162","000034","上证工业",2021-07-30,"-0.0302"
"9163","000034","上证工业",2021-08-31,"0.1434"
"9164","000034","上证工业",2021-09-30,"-0.0359"
"9165","000034","上证工业",2021-10-29,"0.0339"
"9166","000034","上证工业",2021-11-30,"-0.0542"
"9167","000034","上证工业",2021-12-31,"0.0255"
"9232","000035","上证可选",2010-01-29,"-0.0458"
"9233","000035","上证可选",2010-02-26,"0.0609"
"9234","000035","上证可选",2010-03-31,"-0.0021"
"9235","000035","上证可选",2010-04-30,"-0.0901"
"9236","000035","上证可选",2010-05-31,"-0.0995"
"9237","000035","上证可选",2010-06-30,"-0.0701"
"9238","000035","上证可选",2010-07-30,"0.1459"
"9239","000035","上证可选",2010-08-31,"0.0813"
"9240","000035","上证可选",2010-09-30,"0.0172"
"9241","000035","上证可选",2010-10-29,"0.0844"
"9242","000035","上证可选",2010-11-30,"-0.0380"
"9243","000035","上证可选",2010-12-31,"-0.0579"
"9244","000035","上证可选",2011-01-31,"-0.0243"
"9245","000035","上证可选",2011-02-28,"0.0794"
"9246","000035","上证可选",2011-03-31,"-0.0381"
"9247","000035","上证可选",2011-04-29,"-0.0344"
"9248","000035","上证可选",2011-05-31,"-0.0888"
"9249","000035","上证可选",2011-06-30,"0.0217"
"9250","000035","上证可选",2011-07-29,"-0.0106"
"9251","000035","上证可选",2011-08-31,"-0.0486"
"9252","000035","上证可选",2011-09-30,"-0.0961"
"9253","000035","上证可选",2011-10-31,"0.0477"
"9254","000035","上证可选",2011-11-30,"-0.0713"
"9255","000035","上证可选",2011-12-30,"-0.0888"
"9256","000035","上证可选",2012-01-31,"0.0207"
"9257","000035","上证可选",2012-02-29,"0.1163"
"9258","000035","上证可选",2012-03-30,"-0.0858"
"9259","000035","上证可选",2012-04-27,"0.0681"
"9260","000035","上证可选",2012-05-31,"0.0052"
"9261","000035","上证可选",2012-06-29,"-0.0898"
"9262","000035","上证可选",2012-07-31,"-0.0573"
"9263","000035","上证可选",2012-08-31,"-0.0367"
"9264","000035","上证可选",2012-09-28,"0.0454"
"9265","000035","上证可选",2012-10-31,"-0.0278"
"9266","000035","上证可选",2012-11-30,"-0.0754"
"9267","000035","上证可选",2012-12-31,"0.1875"
"9268","000035","上证可选",2013-01-31,"0.0286"
"9269","000035","上证可选",2013-02-28,"0.0143"
"9270","000035","上证可选",2013-03-29,"-0.0577"
"9271","000035","上证可选",2013-04-26,"-0.0013"
"9272","000035","上证可选",2013-05-31,"0.0774"
"9273","000035","上证可选",2013-06-28,"-0.1320"
"9274","000035","上证可选",2013-07-31,"0.0207"
"9275","000035","上证可选",2013-08-30,"0.0919"
"9276","000035","上证可选",2013-09-30,"0.1445"
"9277","000035","上证可选",2013-10-31,"-0.0444"
"9278","000035","上证可选",2013-11-29,"0.0596"
"9279","000035","上证可选",2013-12-31,"-0.0490"
"9280","000035","上证可选",2014-01-30,"0.0083"
"9281","000035","上证可选",2014-02-28,"0.0003"
"9282","000035","上证可选",2014-03-31,"-0.0305"
"9283","000035","上证可选",2014-04-30,"-0.0066"
"9284","000035","上证可选",2014-05-30,"-0.0160"
"9285","000035","上证可选",2014-06-30,"0.0125"
"9286","000035","上证可选",2014-07-31,"0.0693"
"9287","000035","上证可选",2014-08-29,"0.0361"
"9288","000035","上证可选",2014-09-30,"0.0703"
"9289","000035","上证可选",2014-10-31,"-0.0020"
"9290","000035","上证可选",2014-11-28,"0.0873"
"9291","000035","上证可选",2014-12-31,"0.0370"
"9292","000035","上证可选",2015-01-30,"0.0715"
"9293","000035","上证可选",2015-02-27,"0.0697"
"9294","000035","上证可选",2015-03-31,"0.1769"
"9295","000035","上证可选",2015-04-30,"0.1291"
"9296","000035","上证可选",2015-05-29,"0.0706"
"9297","000035","上证可选",2015-06-30,"-0.0835"
"9298","000035","上证可选",2015-07-31,"-0.1425"
"9299","000035","上证可选",2015-08-31,"-0.1140"
"9300","000035","上证可选",2015-09-30,"-0.0493"
"9301","000035","上证可选",2015-10-30,"0.1343"
"9302","000035","上证可选",2015-11-30,"0.0115"
"9303","000035","上证可选",2015-12-31,"0.0375"
"9304","000035","上证可选",2016-01-29,"-0.2625"
"9305","000035","上证可选",2016-02-29,"-0.0339"
"9306","000035","上证可选",2016-03-31,"0.1478"
"9307","000035","上证可选",2016-04-29,"-0.0288"
"9308","000035","上证可选",2016-05-31,"0.0007"
"9309","000035","上证可选",2016-06-30,"-0.0085"
"9310","000035","上证可选",2016-07-29,"0.0470"
"9311","000035","上证可选",2016-08-31,"0.0013"
"9312","000035","上证可选",2016-09-30,"-0.0209"
"9313","000035","上证可选",2016-10-31,"0.0256"
"9314","000035","上证可选",2016-11-30,"0.0381"
"9315","000035","上证可选",2016-12-30,"-0.0383"
"9316","000035","上证可选",2017-01-26,"0.0183"
"9317","000035","上证可选",2017-02-28,"0.0258"
"9318","000035","上证可选",2017-03-31,"0.0002"
"9319","000035","上证可选",2017-04-28,"-0.0196"
"9320","000035","上证可选",2017-05-31,"0.0033"
"9321","000035","上证可选",2017-06-30,"0.0502"
"9322","000035","上证可选",2017-07-31,"-0.0327"
"9323","000035","上证可选",2017-08-31,"-0.0027"
"9324","000035","上证可选",2017-09-29,"0.0307"
"9325","000035","上证可选",2017-10-31,"0.0258"
"9326","000035","上证可选",2017-11-30,"-0.0452"
"9327","000035","上证可选",2017-12-29,"0.0226"
"9328","000035","上证可选",2018-01-31,"0.0135"
"9329","000035","上证可选",2018-02-28,"-0.0267"
"9330","000035","上证可选",2018-03-30,"-0.0242"
"9331","000035","上证可选",2018-04-27,"-0.0571"
"9332","000035","上证可选",2018-05-31,"0.0978"
"9333","000035","上证可选",2018-06-29,"-0.0883"
"9334","000035","上证可选",2018-07-31,"-0.0461"
"9335","000035","上证可选",2018-08-31,"-0.1041"
"9336","000035","上证可选",2018-09-28,"0.0545"
"9337","000035","上证可选",2018-10-31,"-0.1613"
"9338","000035","上证可选",2018-11-30,"0.0188"
"9339","000035","上证可选",2018-12-28,"0.0184"
"9340","000035","上证可选",2019-01-31,"0.0106"
"9341","000035","上证可选",2019-02-28,"0.1214"
"9342","000035","上证可选",2019-03-29,"0.0441"
"9343","000035","上证可选",2019-04-30,"0.0090"
"9344","000035","上证可选",2019-05-31,"-0.0955"
"9345","000035","上证可选",2019-06-28,"0.0443"
"9346","000035","上证可选",2019-07-31,"-0.0087"
"9347","000035","上证可选",2019-08-30,"0.0040"
"9348","000035","上证可选",2019-09-30,"-0.0245"
"9349","000035","上证可选",2019-10-31,"-0.0093"
"9350","000035","上证可选",2019-11-29,"-0.0043"
"9351","000035","上证可选",2019-12-31,"0.0670"
"9352","000035","上证可选",2020-01-23,"-0.0087"
"9353","000035","上证可选",2020-02-28,"-0.0186"
"9354","000035","上证可选",2020-03-31,"-0.1196"
"9355","000035","上证可选",2020-04-30,"0.0532"
"9356","000035","上证可选",2020-05-29,"0.0421"
"9357","000035","上证可选",2020-06-30,"0.1286"
"9358","000035","上证可选",2020-07-31,"0.2089"
"9359","000035","上证可选",2020-08-31,"0.0150"
"9360","000035","上证可选",2020-09-30,"-0.0001"
"9361","000035","上证可选",2020-10-30,"0.0486"
"9362","000035","上证可选",2020-11-30,"0.0446"
"9363","000035","上证可选",2020-12-31,"0.0889"
"9364","000035","上证可选",2021-01-29,"0.0429"
"9365","000035","上证可选",2021-02-26,"-0.0340"
"9366","000035","上证可选",2021-03-31,"0.0135"
"9367","000035","上证可选",2021-04-30,"0.0498"
"9368","000035","上证可选",2021-05-31,"0.0203"
"9369","000035","上证可选",2021-06-30,"-0.0179"
"9370","000035","上证可选",2021-07-30,"-0.0877"
"9371","000035","上证可选",2021-08-31,"0.0234"
"9372","000035","上证可选",2021-09-30,"-0.0310"
"9373","000035","上证可选",2021-10-29,"0.0766"
"9374","000035","上证可选",2021-11-30,"-0.0376"
"9375","000035","上证可选",2021-12-31,"0.0095"
"9440","000036","上证消费",2010-01-29,"-0.0241"
"9441","000036","上证消费",2010-02-26,"0.0206"
"9442","000036","上证消费",2010-03-31,"-0.0151"
"9443","000036","上证消费",2010-04-30,"-0.0430"
"9444","000036","上证消费",2010-05-31,"-0.0432"
"9445","000036","上证消费",2010-06-30,"-0.0815"
"9446","000036","上证消费",2010-07-30,"0.1129"
"9447","000036","上证消费",2010-08-31,"0.1182"
"9448","000036","上证消费",2010-09-30,"0.0684"
"9449","000036","上证消费",2010-10-29,"0.0304"
"9450","000036","上证消费",2010-11-30,"0.0782"
"9451","000036","上证消费",2010-12-31,"-0.0748"
"9452","000036","上证消费",2011-01-31,"-0.0809"
"9453","000036","上证消费",2011-02-28,"0.0772"
"9454","000036","上证消费",2011-03-31,"-0.0312"
"9455","000036","上证消费",2011-04-29,"-0.0303"
"9456","000036","上证消费",2011-05-31,"-0.0245"
"9457","000036","上证消费",2011-06-30,"0.0148"
"9458","000036","上证消费",2011-07-29,"0.0685"
"9459","000036","上证消费",2011-08-31,"0.0034"
"9460","000036","上证消费",2011-09-30,"-0.1180"
"9461","000036","上证消费",2011-10-31,"0.0463"
"9462","000036","上证消费",2011-11-30,"0.0278"
"9463","000036","上证消费",2011-12-30,"-0.1675"
"9464","000036","上证消费",2012-01-31,"-0.0371"
"9465","000036","上证消费",2012-02-29,"0.1236"
"9466","000036","上证消费",2012-03-30,"-0.0448"
"9467","000036","上证消费",2012-04-27,"0.0647"
"9468","000036","上证消费",2012-05-31,"0.0380"
"9469","000036","上证消费",2012-06-29,"-0.0285"
"9470","000036","上证消费",2012-07-31,"-0.0490"
"9471","000036","上证消费",2012-08-31,"-0.0182"
"9472","000036","上证消费",2012-09-28,"0.0330"
"9473","000036","上证消费",2012-10-31,"0.0015"
"9474","000036","上证消费",2012-11-30,"-0.1192"
"9475","000036","上证消费",2012-12-31,"0.1071"
"9476","000036","上证消费",2013-01-31,"0.0136"
"9477","000036","上证消费",2013-02-28,"0.0472"
"9478","000036","上证消费",2013-03-29,"-0.0129"
"9479","000036","上证消费",2013-04-26,"-0.0478"
"9480","000036","上证消费",2013-05-31,"0.0516"
"9481","000036","上证消费",2013-06-28,"-0.0618"
"9482","000036","上证消费",2013-07-31,"0.0349"
"9483","000036","上证消费",2013-08-30,"0.0362"
"9484","000036","上证消费",2013-09-30,"0.0729"
"9485","000036","上证消费",2013-10-31,"-0.0525"
"9486","000036","上证消费",2013-11-29,"0.0459"
"9487","000036","上证消费",2013-12-31,"-0.0403"
"9488","000036","上证消费",2014-01-30,"-0.0784"
"9489","000036","上证消费",2014-02-28,"0.0157"
"9490","000036","上证消费",2014-03-31,"-0.0171"
"9491","000036","上证消费",2014-04-30,"0.0148"
"9492","000036","上证消费",2014-05-30,"-0.0308"
"9493","000036","上证消费",2014-06-30,"-0.0095"
"9494","000036","上证消费",2014-07-31,"0.0895"
"9495","000036","上证消费",2014-08-29,"0.0105"
"9496","000036","上证消费",2014-09-30,"0.0533"
"9497","000036","上证消费",2014-10-31,"-0.0277"
"9498","000036","上证消费",2014-11-28,"0.0384"
"9499","000036","上证消费",2014-12-31,"0.0964"
"9500","000036","上证消费",2015-01-30,"0.0072"
"9501","000036","上证消费",2015-02-27,"0.0573"
"9502","000036","上证消费",2015-03-31,"0.1424"
"9503","000036","上证消费",2015-04-30,"0.1582"
"9504","000036","上证消费",2015-05-29,"0.0839"
"9505","000036","上证消费",2015-06-30,"-0.0433"
"9506","000036","上证消费",2015-07-31,"-0.1166"
"9507","000036","上证消费",2015-08-31,"-0.0800"
"9508","000036","上证消费",2015-09-30,"-0.0810"
"9509","000036","上证消费",2015-10-30,"0.1048"
"9510","000036","上证消费",2015-11-30,"-0.0025"
"9511","000036","上证消费",2015-12-31,"0.0318"
"9512","000036","上证消费",2016-01-29,"-0.2135"
"9513","000036","上证消费",2016-02-29,"-0.0003"
"9514","000036","上证消费",2016-03-31,"0.1338"
"9515","000036","上证消费",2016-04-29,"-0.0070"
"9516","000036","上证消费",2016-05-31,"0.0152"
"9517","000036","上证消费",2016-06-30,"0.0315"
"9518","000036","上证消费",2016-07-29,"0.0665"
"9519","000036","上证消费",2016-08-31,"-0.0076"
"9520","000036","上证消费",2016-09-30,"-0.0259"
"9521","000036","上证消费",2016-10-31,"0.0506"
"9522","000036","上证消费",2016-11-30,"0.0296"
"9523","000036","上证消费",2016-12-30,"-0.0220"
"9524","000036","上证消费",2017-01-26,"0.0122"
"9525","000036","上证消费",2017-02-28,"0.0417"
"9526","000036","上证消费",2017-03-31,"0.0125"
"9527","000036","上证消费",2017-04-28,"-0.0055"
"9528","000036","上证消费",2017-05-31,"-0.0126"
"9529","000036","上证消费",2017-06-30,"0.0783"
"9530","000036","上证消费",2017-07-31,"0.0240"
"9531","000036","上证消费",2017-08-31,"0.0310"
"9532","000036","上证消费",2017-09-29,"0.0816"
"9533","000036","上证消费",2017-10-31,"0.0789"
"9534","000036","上证消费",2017-11-30,"-0.0435"
"9535","000036","上证消费",2017-12-29,"0.0797"
"9536","000036","上证消费",2018-01-31,"0.0472"
"9537","000036","上证消费",2018-02-28,"-0.0679"
"9538","000036","上证消费",2018-03-30,"-0.0240"
"9539","000036","上证消费",2018-04-27,"-0.0175"
"9540","000036","上证消费",2018-05-31,"0.1470"
"9541","000036","上证消费",2018-06-29,"-0.0898"
"9542","000036","上证消费",2018-07-31,"-0.0167"
"9543","000036","上证消费",2018-08-31,"-0.0981"
"9544","000036","上证消费",2018-09-28,"0.0650"
"9545","000036","上证消费",2018-10-31,"-0.1863"
"9546","000036","上证消费",2018-11-30,"0.0501"
"9547","000036","上证消费",2018-12-28,"0.0235"
"9548","000036","上证消费",2019-01-31,"0.0716"
"9549","000036","上证消费",2019-02-28,"0.1130"
"9550","000036","上证消费",2019-03-29,"0.1021"
"9551","000036","上证消费",2019-04-30,"0.0579"
"9552","000036","上证消费",2019-05-31,"-0.0109"
"9553","000036","上证消费",2019-06-28,"0.0702"
"9554","000036","上证消费",2019-07-31,"-0.0390"
"9555","000036","上证消费",2019-08-30,"0.0532"
"9556","000036","上证消费",2019-09-30,"-0.0268"
"9557","000036","上证消费",2019-10-31,"0.0113"
"9558","000036","上证消费",2019-11-29,"-0.0166"
"9559","000036","上证消费",2019-12-31,"0.0229"
"9560","000036","上证消费",2020-01-23,"-0.0392"
"9561","000036","上证消费",2020-02-28,"-0.0084"
"9562","000036","上证消费",2020-03-31,"0.0758"
"9563","000036","上证消费",2020-04-30,"0.0556"
"9564","000036","上证消费",2020-05-29,"0.0775"
"9565","000036","上证消费",2020-06-30,"0.1007"
"9566","000036","上证消费",2020-07-31,"0.1734"
"9567","000036","上证消费",2020-08-31,"0.0982"
"9568","000036","上证消费",2020-09-30,"-0.0875"
"9569","000036","上证消费",2020-10-30,"0.0209"
"9570","000036","上证消费",2020-11-30,"-0.0060"
"9571","000036","上证消费",2020-12-31,"0.1862"
"9572","000036","上证消费",2021-01-29,"0.0313"
"9573","000036","上证消费",2021-02-26,"-0.0595"
"9574","000036","上证消费",2021-03-31,"-0.0662"
"9575","000036","上证消费",2021-04-30,"0.0725"
"9576","000036","上证消费",2021-05-31,"0.0733"
"9577","000036","上证消费",2021-06-30,"-0.0553"
"9578","000036","上证消费",2021-07-30,"-0.1561"
"9579","000036","上证消费",2021-08-31,"-0.0470"
"9580","000036","上证消费",2021-09-30,"0.1033"
"9581","000036","上证消费",2021-10-29,"0.0602"
"9582","000036","上证消费",2021-11-30,"-0.0125"
"9583","000036","上证消费",2021-12-31,"0.0176"
"9709","000037","上证医药",2010-01-29,"0.0182"
"9710","000037","上证医药",2010-02-26,"0.0446"
"9711","000037","上证医药",2010-03-31,"-0.0224"
"9712","000037","上证医药",2010-04-30,"0.0877"
"9713","000037","上证医药",2010-05-31,"0.0135"
"9714","000037","上证医药",2010-06-30,"-0.1747"
"9715","000037","上证医药",2010-07-30,"0.0886"
"9716","000037","上证医药",2010-08-31,"0.1323"
"9717","000037","上证医药",2010-09-30,"0.0813"
"9718","000037","上证医药",2010-10-29,"0.0091"
"9719","000037","上证医药",2010-11-30,"0.1396"
"9720","000037","上证医药",2010-12-31,"-0.0770"
"9721","000037","上证医药",2011-01-31,"-0.0861"
"9722","000037","上证医药",2011-02-28,"0.0417"
"9723","000037","上证医药",2011-03-31,"-0.0610"
"9724","000037","上证医药",2011-04-29,"-0.0052"
"9725","000037","上证医药",2011-05-31,"-0.0503"
"9726","000037","上证医药",2011-06-30,"0.0118"
"9727","000037","上证医药",2011-07-29,"0.0814"
"9728","000037","上证医药",2011-08-31,"-0.0466"
"9729","000037","上证医药",2011-09-30,"-0.1462"
"9730","000037","上证医药",2011-10-31,"0.0465"
"9731","000037","上证医药",2011-11-30,"-0.0030"
"9732","000037","上证医药",2011-12-30,"-0.1227"
"9733","000037","上证医药",2012-01-31,"-0.0680"
"9734","000037","上证医药",2012-02-29,"0.0908"
"9735","000037","上证医药",2012-03-30,"-0.0609"
"9736","000037","上证医药",2012-04-27,"0.0245"
"9737","000037","上证医药",2012-05-31,"0.0820"
"9738","000037","上证医药",2012-06-29,"0.0698"
"9739","000037","上证医药",2012-07-31,"-0.0369"
"9740","000037","上证医药",2012-08-31,"0.0091"
"9741","000037","上证医药",2012-09-28,"0.0206"
"9742","000037","上证医药",2012-10-31,"0.0199"
"9743","000037","上证医药",2012-11-30,"-0.1072"
"9744","000037","上证医药",2012-12-31,"0.0784"
"9745","000037","上证医药",2013-01-31,"0.1190"
"9746","000037","上证医药",2013-02-28,"0.0601"
"9747","000037","上证医药",2013-03-29,"0.0361"
"9748","000037","上证医药",2013-04-26,"-0.0208"
"9749","000037","上证医药",2013-05-31,"0.1125"
"9750","000037","上证医药",2013-06-28,"-0.0910"
"9751","000037","上证医药",2013-07-31,"0.0892"
"9752","000037","上证医药",2013-08-30,"-0.0273"
"9753","000037","上证医药",2013-09-30,"0.0704"
"9754","000037","上证医药",2013-10-31,"-0.0768"
"9755","000037","上证医药",2013-11-29,"0.0269"
"9756","000037","上证医药",2013-12-31,"0.0134"
"9757","000037","上证医药",2014-01-30,"-0.0155"
"9758","000037","上证医药",2014-02-28,"0.0170"
"9759","000037","上证医药",2014-03-31,"-0.0478"
"9760","000037","上证医药",2014-04-30,"-0.0461"
"9761","000037","上证医药",2014-05-30,"0.0181"
"9762","000037","上证医药",2014-06-30,"0.0326"
"9763","000037","上证医药",2014-07-31,"0.0255"
"9764","000037","上证医药",2014-08-29,"-0.0045"
"9765","000037","上证医药",2014-09-30,"0.0741"
"9766","000037","上证医药",2014-10-31,"0.0199"
"9767","000037","上证医药",2014-11-28,"0.0034"
"9768","000037","上证医药",2014-12-31,"-0.0090"
"9769","000037","上证医药",2015-01-30,"0.0773"
"9770","000037","上证医药",2015-02-27,"0.0287"
"9771","000037","上证医药",2015-03-31,"0.1739"
"9772","000037","上证医药",2015-04-30,"0.1667"
"9773","000037","上证医药",2015-05-29,"0.1425"
"9774","000037","上证医药",2015-06-30,"-0.1139"
"9775","000037","上证医药",2015-07-31,"-0.0995"
"9776","000037","上证医药",2015-08-31,"-0.1205"
"9777","000037","上证医药",2015-09-30,"-0.0392"
"9778","000037","上证医药",2015-10-30,"0.1430"
"9779","000037","上证医药",2015-11-30,"-0.0265"
"9780","000037","上证医药",2015-12-31,"0.1208"
"9781","000037","上证医药",2016-01-29,"-0.2529"
"9782","000037","上证医药",2016-02-29,"-0.0111"
"9783","000037","上证医药",2016-03-31,"0.1163"
"9784","000037","上证医药",2016-04-29,"-0.0347"
"9785","000037","上证医药",2016-05-31,"0.0066"
"9786","000037","上证医药",2016-06-30,"0.0174"
"9787","000037","上证医药",2016-07-29,"0.0834"
"9788","000037","上证医药",2016-08-31,"0.0163"
"9789","000037","上证医药",2016-09-30,"-0.0019"
"9790","000037","上证医药",2016-10-31,"0.0135"
"9791","000037","上证医药",2016-11-30,"0.0119"
"9792","000037","上证医药",2016-12-30,"-0.0355"
"9793","000037","上证医药",2017-01-26,"0.0057"
"9794","000037","上证医药",2017-02-28,"0.0200"
"9795","000037","上证医药",2017-03-31,"0.0209"
"9796","000037","上证医药",2017-04-28,"-0.0032"
"9797","000037","上证医药",2017-05-31,"0.0036"
"9798","000037","上证医药",2017-06-30,"0.0479"
"9799","000037","上证医药",2017-07-31,"-0.0492"
"9800","000037","上证医药",2017-08-31,"0.0172"
"9801","000037","上证医药",2017-09-29,"0.0249"
"9802","000037","上证医药",2017-10-31,"0.0830"
"9803","000037","上证医药",2017-11-30,"-0.0380"
"9804","000037","上证医药",2017-12-29,"0.0426"
"9805","000037","上证医药",2018-01-31,"-0.0125"
"9806","000037","上证医药",2018-02-28,"-0.0265"
"9807","000037","上证医药",2018-03-30,"0.1161"
"9808","000037","上证医药",2018-04-27,"-0.0133"
"9809","000037","上证医药",2018-05-31,"0.1042"
"9810","000037","上证医药",2018-06-29,"-0.0829"
"9811","000037","上证医药",2018-07-31,"-0.0579"
"9812","000037","上证医药",2018-08-31,"-0.0871"
"9813","000037","上证医药",2018-09-28,"0.0120"
"9814","000037","上证医药",2018-10-31,"-0.1389"
"9815","000037","上证医药",2018-11-30,"0.0249"
"9816","000037","上证医药",2018-12-28,"-0.1067"
"9817","000037","上证医药",2019-01-31,"-0.0439"
"9818","000037","上证医药",2019-02-28,"0.2181"
"9819","000037","上证医药",2019-03-29,"0.0871"
"9820","000037","上证医药",2019-04-30,"-0.0163"
"9821","000037","上证医药",2019-05-31,"-0.1081"
"9822","000037","上证医药",2019-06-28,"0.0245"
"9823","000037","上证医药",2019-07-31,"-0.0021"
"9824","000037","上证医药",2019-08-30,"0.0787"
"9825","000037","上证医药",2019-09-30,"-0.0031"
"9826","000037","上证医药",2019-10-31,"0.0341"
"9827","000037","上证医药",2019-11-29,"-0.0390"
"9828","000037","上证医药",2019-12-31,"0.0241"
"9829","000037","上证医药",2020-01-23,"0.0458"
"9830","000037","上证医药",2020-02-28,"0.0065"
"9831","000037","上证医药",2020-03-31,"0.0156"
"9832","000037","上证医药",2020-04-30,"0.0612"
"9833","000037","上证医药",2020-05-29,"0.0382"
"9834","000037","上证医药",2020-06-30,"0.1540"
"9835","000037","上证医药",2020-07-31,"0.1290"
"9836","000037","上证医药",2020-08-31,"0.0257"
"9837","000037","上证医药",2020-09-30,"-0.0794"
"9838","000037","上证医药",2020-10-30,"0.0119"
"9839","000037","上证医药",2020-11-30,"-0.0438"
"9840","000037","上证医药",2020-12-31,"0.1224"
"9841","000037","上证医药",2021-01-29,"0.0303"
"9842","000037","上证医药",2021-02-26,"-0.0441"
"9843","000037","上证医药",2021-03-31,"-0.0419"
"9844","000037","上证医药",2021-04-30,"0.0945"
"9845","000037","上证医药",2021-05-31,"0.0509"
"9846","000037","上证医药",2021-06-30,"0.0334"
"9847","000037","上证医药",2021-07-30,"-0.1106"
"9848","000037","上证医药",2021-08-31,"-0.1121"
"9849","000037","上证医药",2021-09-30,"0.0590"
"9850","000037","上证医药",2021-10-29,"-0.0322"
"9851","000037","上证医药",2021-11-30,"0.0335"
"9852","000037","上证医药",2021-12-31,"-0.0226"
"9978","000038","上证金融",2010-01-29,"-0.1345"
"9979","000038","上证金融",2010-02-26,"0.0203"
"9980","000038","上证金融",2010-03-31,"0.0601"
"9981","000038","上证金融",2010-04-30,"-0.1028"
"9982","000038","上证金融",2010-05-31,"-0.1115"
"9983","000038","上证金融",2010-06-30,"-0.0447"
"9984","000038","上证金融",2010-07-30,"0.0926"
"9985","000038","上证金融",2010-08-31,"-0.0525"
"9986","000038","上证金融",2010-09-30,"-0.0299"
"9987","000038","上证金融",2010-10-29,"0.1496"
"9988","000038","上证金融",2010-11-30,"-0.0989"
"9989","000038","上证金融",2010-12-31,"-0.0129"
"9990","000038","上证金融",2011-01-31,"-0.0087"
"9991","000038","上证金融",2011-02-28,"0.0211"
"9992","000038","上证金融",2011-03-31,"0.0335"
"9993","000038","上证金融",2011-04-29,"0.0263"
"9994","000038","上证金融",2011-05-31,"-0.0489"
"9995","000038","上证金融",2011-06-30,"-0.0287"
"9996","000038","上证金融",2011-07-29,"-0.0454"
"9997","000038","上证金融",2011-08-31,"-0.0207"
"9998","000038","上证金融",2011-09-30,"-0.0807"
"9999","000038","上证金融",2011-10-31,"0.0891"
"10000","000038","上证金融",2011-11-30,"-0.0724"
"10001","000038","上证金融",2011-12-30,"0.0002"
"10002","000038","上证金融",2012-01-31,"0.0754"
"10003","000038","上证金融",2012-02-29,"0.0417"
"10004","000038","上证金融",2012-03-30,"-0.0542"
"10005","000038","上证金融",2012-04-27,"0.0692"
"10006","000038","上证金融",2012-05-31,"-0.0133"
"10007","000038","上证金融",2012-06-29,"-0.0380"
"10008","000038","上证金融",2012-07-31,"-0.0410"
"10009","000038","上证金融",2012-08-31,"-0.0533"
"10010","000038","上证金融",2012-09-28,"0.0228"
"10011","000038","上证金融",2012-10-31,"-0.0105"
"10012","000038","上证金融",2012-11-30,"-0.0191"
"10013","000038","上证金融",2012-12-31,"0.2474"
"10014","000038","上证金融",2013-01-31,"0.1132"
"10015","000038","上证金融",2013-02-28,"-0.0208"
"10016","000038","上证金融",2013-03-29,"-0.0908"
"10017","000038","上证金融",2013-04-26,"-0.0023"
"10018","000038","上证金融",2013-05-31,"0.0532"
"10019","000038","上证金融",2013-06-28,"-0.1618"
"10020","000038","上证金融",2013-07-31,"-0.0277"
"10021","000038","上证金融",2013-08-30,"0.0597"
"10022","000038","上证金融",2013-09-30,"0.0419"
"10023","000038","上证金融",2013-10-31,"-0.0117"
"10024","000038","上证金融",2013-11-29,"0.0107"
"10025","000038","上证金融",2013-12-31,"-0.0377"
"10026","000038","上证金融",2014-01-30,"-0.0593"
"10027","000038","上证金融",2014-02-28,"-0.0189"
"10028","000038","上证金融",2014-03-31,"0.0104"
"10029","000038","上证金融",2014-04-30,"0.0260"
"10030","000038","上证金融",2014-05-30,"-0.0044"
"10031","000038","上证金融",2014-06-30,"0.0007"
"10032","000038","上证金融",2014-07-31,"0.0984"
"10033","000038","上证金融",2014-08-29,"-0.0405"
"10034","000038","上证金融",2014-09-30,"0.0128"
"10035","000038","上证金融",2014-10-31,"0.0401"
"10036","000038","上证金融",2014-11-28,"0.2067"
"10037","000038","上证金融",2014-12-31,"0.4249"
"10038","000038","上证金融",2015-01-30,"-0.1046"
"10039","000038","上证金融",2015-02-27,"0.0227"
"10040","000038","上证金融",2015-03-31,"0.1003"
"10041","000038","上证金融",2015-04-30,"0.1160"
"10042","000038","上证金融",2015-05-29,"-0.0610"
"10043","000038","上证金融",2015-06-30,"-0.0293"
"10044","000038","上证金融",2015-07-31,"-0.1499"
"10045","000038","上证金融",2015-08-31,"-0.1079"
"10046","000038","上证金融",2015-09-30,"-0.0112"
"10047","000038","上证金融",2015-10-30,"0.0738"
"10048","000038","上证金融",2015-11-30,"0.0380"
"10049","000038","上证金融",2015-12-31,"0.0540"
"10050","000038","上证金融",2016-01-29,"-0.1760"
"10051","000038","上证金融",2016-02-29,"-0.0146"
"10052","000038","上证金融",2016-03-31,"0.1060"
"10053","000038","上证金融",2016-04-29,"-0.0001"
"10054","000038","上证金融",2016-05-31,"0.0127"
"10055","000038","上证金融",2016-06-30,"-0.0211"
"10056","000038","上证金融",2016-07-29,"0.0003"
"10057","000038","上证金融",2016-08-31,"0.0500"
"10058","000038","上证金融",2016-09-30,"-0.0200"
"10059","000038","上证金融",2016-10-31,"0.0127"
"10060","000038","上证金融",2016-11-30,"0.0473"
"10061","000038","上证金融",2016-12-30,"-0.0513"
"10062","000038","上证金融",2017-01-26,"0.0363"
"10063","000038","上证金融",2017-02-28,"-0.0006"
"10064","000038","上证金融",2017-03-31,"-0.0183"
"10065","000038","上证金融",2017-04-28,"-0.0116"
"10066","000038","上证金融",2017-05-31,"0.0740"
"10067","000038","上证金融",2017-06-30,"0.0307"
"10068","000038","上证金融",2017-07-31,"0.0450"
"10069","000038","上证金融",2017-08-31,"0.0333"
"10070","000038","上证金融",2017-09-29,"-0.0230"
"10071","000038","上证金融",2017-10-31,"0.0329"
"10072","000038","上证金融",2017-11-30,"0.0355"
"10073","000038","上证金融",2017-12-29,"-0.0167"
"10074","000038","上证金融",2018-01-31,"0.1087"
"10075","000038","上证金融",2018-02-28,"-0.0866"
"10076","000038","上证金融",2018-03-30,"-0.0542"
"10077","000038","上证金融",2018-04-27,"-0.0223"
"10078","000038","上证金融",2018-05-31,"-0.0248"
"10079","000038","上证金融",2018-06-29,"-0.0722"
"10080","000038","上证金融",2018-07-31,"0.0388"
"10081","000038","上证金融",2018-08-31,"-0.0135"
"10082","000038","上证金融",2018-09-28,"0.0563"
"10083","000038","上证金融",2018-10-31,"-0.0152"
"10084","000038","上证金融",2018-11-30,"-0.0208"
"10085","000038","上证金融",2018-12-28,"-0.0661"
"10086","000038","上证金融",2019-01-31,"0.0934"
"10087","000038","上证金融",2019-02-28,"0.1076"
"10088","000038","上证金融",2019-03-29,"0.0269"
"10089","000038","上证金融",2019-04-30,"0.0292"
"10090","000038","上证金融",2019-05-31,"-0.0717"
"10091","000038","上证金融",2019-06-28,"0.0674"
"10092","000038","上证金融",2019-07-31,"-0.0073"
"10093","000038","上证金融",2019-08-30,"-0.0490"
"10094","000038","上证金融",2019-09-30,"0.0156"
"10095","000038","上证金融",2019-10-31,"0.0246"
"10096","000038","上证金融",2019-11-29,"-0.0174"
"10097","000038","上证金融",2019-12-31,"0.0586"
"10098","000038","上证金融",2020-01-23,"-0.0427"
"10099","000038","上证金融",2020-02-28,"-0.0545"
"10100","000038","上证金融",2020-03-31,"-0.0625"
"10101","000038","上证金融",2020-04-30,"0.0509"
"10102","000038","上证金融",2020-05-29,"-0.0425"
"10103","000038","上证金融",2020-06-30,"0.0182"
"10104","000038","上证金融",2020-07-31,"0.0542"
"10105","000038","上证金融",2020-08-31,"0.0331"
"10106","000038","上证金融",2020-09-30,"-0.0317"
"10107","000038","上证金融",2020-10-30,"0.0140"
"10108","000038","上证金融",2020-11-30,"0.0783"
"10109","000038","上证金融",2020-12-31,"-0.0324"
"10110","000038","上证金融",2021-01-29,"0.0075"
"10111","000038","上证金融",2021-02-26,"0.0339"
"10112","000038","上证金融",2021-03-31,"-0.0273"
"10113","000038","上证金融",2021-04-30,"-0.0432"
"10114","000038","上证金融",2021-05-31,"0.0520"
"10115","000038","上证金融",2021-06-30,"-0.0687"
"10116","000038","上证金融",2021-07-30,"-0.1232"
"10117","000038","上证金融",2021-08-31,"0.0374"
"10118","000038","上证金融",2021-09-30,"0.0084"
"10119","000038","上证金融",2021-10-29,"0.0105"
"10120","000038","上证金融",2021-11-30,"-0.0336"
"10121","000038","上证金融",2021-12-31,"0.0262"
"10186","000039","上证信息",2010-01-29,"0.0428"
"10187","000039","上证信息",2010-02-26,"0.0267"
"10188","000039","上证信息",2010-03-31,"0.0776"
"10189","000039","上证信息",2010-04-30,"-0.0172"
"10190","000039","上证信息",2010-05-31,"-0.0945"
"10191","000039","上证信息",2010-06-30,"-0.0779"
"10192","000039","上证信息",2010-07-30,"0.1235"
"10193","000039","上证信息",2010-08-31,"0.0698"
"10194","000039","上证信息",2010-09-30,"0.0281"
"10195","000039","上证信息",2010-10-29,"0.1349"
"10196","000039","上证信息",2010-11-30,"-0.0009"
"10197","000039","上证信息",2010-12-31,"-0.0409"
"10198","000039","上证信息",2011-01-31,"-0.0832"
"10199","000039","上证信息",2011-02-28,"0.1116"
"10200","000039","上证信息",2011-03-31,"-0.0635"
"10201","000039","上证信息",2011-04-29,"-0.0722"
"10202","000039","上证信息",2011-05-31,"-0.0753"
"10203","000039","上证信息",2011-06-30,"0.0144"
"10204","000039","上证信息",2011-07-29,"0.0021"
"10205","000039","上证信息",2011-08-31,"-0.0260"
"10206","000039","上证信息",2011-09-30,"-0.1182"
"10207","000039","上证信息",2011-10-31,"0.0197"
"10208","000039","上证信息",2011-11-30,"-0.0306"
"10209","000039","上证信息",2011-12-30,"-0.1403"
"10210","000039","上证信息",2012-01-31,"0.0144"
"10211","000039","上证信息",2012-02-29,"0.1201"
"10212","000039","上证信息",2012-03-30,"-0.0972"
"10213","000039","上证信息",2012-04-27,"0.0715"
"10214","000039","上证信息",2012-05-31,"0.0090"
"10215","000039","上证信息",2012-06-29,"-0.0968"
"10216","000039","上证信息",2012-07-31,"-0.1105"
"10217","000039","上证信息",2012-08-31,"0.0208"
"10218","000039","上证信息",2012-09-28,"-0.0018"
"10219","000039","上证信息",2012-10-31,"-0.0533"
"10220","000039","上证信息",2012-11-30,"-0.1182"
"10221","000039","上证信息",2012-12-31,"0.1335"
"10222","000039","上证信息",2013-01-31,"0.0558"
"10223","000039","上证信息",2013-02-28,"0.0188"
"10224","000039","上证信息",2013-03-29,"-0.0292"
"10225","000039","上证信息",2013-04-26,"-0.0237"
"10226","000039","上证信息",2013-05-31,"0.2160"
"10227","000039","上证信息",2013-06-28,"-0.1177"
"10228","000039","上证信息",2013-07-31,"0.1353"
"10229","000039","上证信息",2013-08-30,"0.0782"
"10230","000039","上证信息",2013-09-30,"0.1202"
"10231","000039","上证信息",2013-10-31,"-0.0607"
"10232","000039","上证信息",2013-11-29,"0.0902"
"10233","000039","上证信息",2013-12-31,"-0.0442"
"10234","000039","上证信息",2014-01-30,"0.0706"
"10235","000039","上证信息",2014-02-28,"0.0360"
"10236","000039","上证信息",2014-03-31,"-0.0964"
"10237","000039","上证信息",2014-04-30,"0.0038"
"10238","000039","上证信息",2014-05-30,"0.0368"
"10239","000039","上证信息",2014-06-30,"0.0438"
"10240","000039","上证信息",2014-07-31,"0.0354"
"10241","000039","上证信息",2014-08-29,"0.0753"
"10242","000039","上证信息",2014-09-30,"0.1091"
"10243","000039","上证信息",2014-10-31,"-0.0143"
"10244","000039","上证信息",2014-11-28,"0.0664"
"10245","000039","上证信息",2014-12-31,"-0.0343"
"10246","000039","上证信息",2015-01-30,"0.1911"
"10247","000039","上证信息",2015-02-27,"0.1406"
"10248","000039","上证信息",2015-03-31,"0.2352"
"10249","000039","上证信息",2015-04-30,"0.1468"
"10250","000039","上证信息",2015-05-29,"0.2532"
"10251","000039","上证信息",2015-06-30,"-0.2061"
"10252","000039","上证信息",2015-07-31,"-0.1679"
"10253","000039","上证信息",2015-08-31,"-0.2069"
"10254","000039","上证信息",2015-09-30,"-0.0398"
"10255","000039","上证信息",2015-10-30,"0.2238"
"10256","000039","上证信息",2015-11-30,"0.0484"
"10257","000039","上证信息",2015-12-31,"0.0277"
"10258","000039","上证信息",2016-01-29,"-0.2832"
"10259","000039","上证信息",2016-02-29,"-0.0475"
"10260","000039","上证信息",2016-03-31,"0.1889"
"10261","000039","上证信息",2016-04-29,"-0.0578"
"10262","000039","上证信息",2016-05-31,"0.0076"
"10263","000039","上证信息",2016-06-30,"0.0404"
"10264","000039","上证信息",2016-07-29,"-0.0265"
"10265","000039","上证信息",2016-08-31,"0.0225"
"10266","000039","上证信息",2016-09-30,"-0.0234"
"10267","000039","上证信息",2016-10-31,"0.0221"
"10268","000039","上证信息",2016-11-30,"0.0075"
"10269","000039","上证信息",2016-12-30,"-0.0895"
"10270","000039","上证信息",2017-01-26,"-0.0234"
"10271","000039","上证信息",2017-02-28,"0.0154"
"10272","000039","上证信息",2017-03-31,"-0.0155"
"10273","000039","上证信息",2017-04-28,"-0.0379"
"10274","000039","上证信息",2017-05-31,"-0.0719"
"10275","000039","上证信息",2017-06-30,"0.0566"
"10276","000039","上证信息",2017-07-31,"-0.0298"
"10277","000039","上证信息",2017-08-31,"0.0562"
"10278","000039","上证信息",2017-09-29,"0.0490"
"10279","000039","上证信息",2017-10-31,"0.0017"
"10280","000039","上证信息",2017-11-30,"-0.0257"
"10281","000039","上证信息",2017-12-29,"-0.0154"
"10282","000039","上证信息",2018-01-31,"-0.0646"
"10283","000039","上证信息",2018-02-28,"0.0186"
"10284","000039","上证信息",2018-03-30,"0.0814"
"10285","000039","上证信息",2018-04-27,"-0.0484"
"10286","000039","上证信息",2018-05-31,"-0.0686"
"10287","000039","上证信息",2018-06-29,"-0.0804"
"10288","000039","上证信息",2018-07-31,"0.0155"
"10289","000039","上证信息",2018-08-31,"-0.0437"
"10290","000039","上证信息",2018-09-28,"-0.0331"
"10291","000039","上证信息",2018-10-31,"-0.1406"
"10292","000039","上证信息",2018-11-30,"0.0485"
"10293","000039","上证信息",2018-12-28,"-0.0730"
"10294","000039","上证信息",2019-01-31,"0.0262"
"10295","000039","上证信息",2019-02-28,"0.2954"
"10296","000039","上证信息",2019-03-29,"0.1286"
"10297","000039","上证信息",2019-04-30,"-0.0694"
"10298","000039","上证信息",2019-05-31,"-0.0565"
"10299","000039","上证信息",2019-06-28,"0.0291"
"10300","000039","上证信息",2019-07-31,"0.0242"
"10301","000039","上证信息",2019-08-30,"0.0699"
"10302","000039","上证信息",2019-09-30,"0.0375"
"10303","000039","上证信息",2019-10-31,"-0.0048"
"10304","000039","上证信息",2019-11-29,"0.0003"
"10305","000039","上证信息",2019-12-31,"0.0782"
"10306","000039","上证信息",2020-01-23,"0.1524"
"10307","000039","上证信息",2020-02-28,"0.0878"
"10308","000039","上证信息",2020-03-31,"-0.1476"
"10309","000039","上证信息",2020-04-30,"0.0958"
"10310","000039","上证信息",2020-05-29,"-0.0125"
"10311","000039","上证信息",2020-06-30,"0.1082"
"10312","000039","上证信息",2020-07-31,"0.0743"
"10313","000039","上证信息",2020-08-31,"-0.0467"
"10314","000039","上证信息",2020-09-30,"-0.0884"
"10315","000039","上证信息",2020-10-30,"-0.0075"
"10316","000039","上证信息",2020-11-30,"0.0397"
"10317","000039","上证信息",2020-12-31,"-0.0075"
"10318","000039","上证信息",2021-01-29,"-0.0201"
"10319","000039","上证信息",2021-02-26,"-0.0334"
"10320","000039","上证信息",2021-03-31,"-0.0837"
"10321","000039","上证信息",2021-04-30,"0.0500"
"10322","000039","上证信息",2021-05-31,"0.0422"
"10323","000039","上证信息",2021-06-30,"0.0943"
"10324","000039","上证信息",2021-07-30,"0.0700"
"10325","000039","上证信息",2021-08-31,"-0.1425"
"10326","000039","上证信息",2021-09-30,"-0.0229"
"10327","000039","上证信息",2021-10-29,"0.0284"
"10328","000039","上证信息",2021-11-30,"0.0504"
"10329","000039","上证信息",2021-12-31,"-0.0089"
"10394","000040","上证通信",2010-01-29,"-0.0006"
"10395","000040","上证通信",2010-02-26,"-0.0210"
"10396","000040","上证通信",2010-03-31,"-0.0422"
"10397","000040","上证通信",2010-04-30,"-0.0777"
"10398","000040","上证通信",2010-05-31,"-0.1308"
"10399","000040","上证通信",2010-06-30,"0.0089"
"10400","000040","上证通信",2010-07-30,"0.1182"
"10401","000040","上证通信",2010-08-31,"0.0597"
"10402","000040","上证通信",2010-09-30,"0.0239"
"10403","000040","上证通信",2010-10-29,"0.0835"
"10404","000040","上证通信",2010-11-30,"0.0592"
"10405","000040","上证通信",2010-12-31,"-0.0092"
"10406","000040","上证通信",2011-01-31,"-0.0965"
"10407","000040","上证通信",2011-02-28,"0.1226"
"10408","000040","上证通信",2011-03-31,"-0.0751"
"10409","000040","上证通信",2011-04-29,"-0.0626"
"10410","000040","上证通信",2011-05-31,"-0.0717"
"10411","000040","上证通信",2011-06-30,"-0.0003"
"10412","000040","上证通信",2011-07-29,"0.0122"
"10413","000040","上证通信",2011-08-31,"-0.0525"
"10414","000040","上证通信",2011-09-30,"-0.1038"
"10415","000040","上证通信",2011-10-31,"0.0490"
"10416","000040","上证通信",2011-11-30,"-0.0326"
"10417","000040","上证通信",2011-12-30,"-0.1401"
"10418","000040","上证通信",2012-01-31,"-0.0443"
"10419","000040","上证通信",2012-02-29,"0.0537"
"10420","000040","上证通信",2012-03-30,"-0.1009"
"10421","000040","上证通信",2012-04-27,"0.0608"
"10422","000040","上证通信",2012-05-31,"-0.0250"
"10423","000040","上证通信",2012-06-29,"-0.1096"
"10424","000040","上证通信",2012-07-31,"-0.0849"
"10425","000040","上证通信",2012-08-31,"0.0402"
"10426","000040","上证通信",2012-09-28,"0.0213"
"10427","000040","上证通信",2012-10-31,"-0.0464"
"10428","000040","上证通信",2012-11-30,"-0.1446"
"10429","000040","上证通信",2012-12-31,"0.1670"
"10430","000040","上证通信",2013-01-31,"0.0773"
"10431","000040","上证通信",2013-02-28,"0.0303"
"10432","000040","上证通信",2013-03-29,"0.0335"
"10433","000040","上证通信",2013-04-26,"0.0546"
"10434","000040","上证通信",2013-05-31,"0.1391"
"10435","000040","上证通信",2013-06-28,"-0.1167"
"10436","000040","上证通信",2013-07-31,"0.0474"
"10437","000040","上证通信",2013-08-30,"0.0307"
"10438","000040","上证通信",2013-09-30,"0.0336"
"10439","000040","上证通信",2013-10-31,"-0.0381"
"10440","000040","上证通信",2013-11-29,"0.0598"
"10441","000040","上证通信",2013-12-31,"-0.0568"
"10442","000040","上证通信",2014-01-30,"0.0443"
"10443","000040","上证通信",2014-02-28,"0.0803"
"10444","000040","上证通信",2014-03-31,"-0.0504"
"10445","000040","上证通信",2014-04-30,"-0.0300"
"10446","000040","上证通信",2014-05-30,"0.0569"
"10447","000040","上证通信",2014-06-30,"0.0168"
"10448","000040","上证通信",2014-07-31,"0.0379"
"10449","000040","上证通信",2014-08-29,"0.0270"
"10450","000040","上证通信",2014-09-30,"0.1357"
"10451","000040","上证通信",2014-10-31,"-0.0107"
"10452","000040","上证通信",2014-11-28,"0.0128"
"10453","000040","上证通信",2014-12-31,"-0.0065"
"10454","000040","上证通信",2015-01-30,"0.0443"
"10455","000040","上证通信",2015-02-27,"0.1165"
"10456","000040","上证通信",2015-03-31,"0.1170"
"10457","000040","上证通信",2015-04-30,"0.1925"
"10458","000040","上证通信",2015-05-29,"0.3669"
"10459","000040","上证通信",2015-06-30,"-0.1798"
"10460","000040","上证通信",2015-07-31,"-0.1606"
"10461","000040","上证通信",2015-08-31,"-0.1603"
"10462","000040","上证通信",2015-09-30,"-0.0797"
"10463","000040","上证通信",2015-10-30,"0.2248"
"10464","000040","上证通信",2015-11-30,"0.0578"
"10465","000040","上证通信",2015-12-31,"0.0658"
"10466","000040","上证通信",2016-01-29,"-0.3271"
"10467","000040","上证通信",2016-02-29,"-0.0035"
"10468","000040","上证通信",2016-03-31,"0.1628"
"10469","000040","上证通信",2016-04-29,"0.0205"
"10470","000040","上证通信",2016-05-31,"-0.0170"
"10471","000040","上证通信",2016-06-30,"0.0357"
"10472","000040","上证通信",2016-07-29,"0.0702"
"10473","000040","上证通信",2016-08-31,"0.0706"
"10474","000040","上证通信",2016-09-30,"-0.0403"
"10475","000040","上证通信",2016-10-31,"0.0369"
"10476","000040","上证通信",2016-11-30,"0.0643"
"10477","000040","上证通信",2016-12-30,"-0.0601"
"10478","000040","上证通信",2017-01-26,"-0.0143"
"10479","000040","上证通信",2017-02-28,"0.0352"
"10480","000040","上证通信",2017-03-31,"0.0267"
"10481","000040","上证通信",2017-04-28,"-0.0485"
"10482","000040","上证通信",2017-05-31,"-0.0415"
"10483","000040","上证通信",2017-06-30,"0.0540"
"10484","000040","上证通信",2017-07-31,"-0.0058"
"10485","000040","上证通信",2017-08-31,"0.0440"
"10486","000040","上证通信",2017-09-29,"0.1165"
"10487","000040","上证通信",2017-10-31,"-0.0105"
"10488","000040","上证通信",2017-11-30,"0.0152"
"10489","000040","上证通信",2017-12-29,"-0.0434"
"10490","000040","上证通信",2018-01-31,"-0.0615"
"10491","000040","上证通信",2018-02-28,"0.0084"
"10492","000040","上证通信",2018-03-30,"-0.0215"
"10493","000040","上证通信",2018-04-27,"-0.0544"
"10494","000040","上证通信",2018-05-31,"-0.0088"
"10495","000040","上证通信",2018-06-29,"-0.1222"
"10496","000040","上证通信",2018-07-31,"0.0359"
"10497","000040","上证通信",2018-08-31,"0.0076"
"10498","000040","上证通信",2018-09-28,"-0.0156"
"10499","000040","上证通信",2018-10-31,"-0.1525"
"10500","000040","上证通信",2018-11-30,"0.0693"
"10501","000040","上证通信",2018-12-28,"-0.0112"
"10502","000040","上证通信",2019-01-31,"-0.0012"
"10503","000040","上证通信",2019-02-28,"0.2876"
"10504","000040","上证通信",2019-03-29,"0.0314"
"10505","000040","上证通信",2019-04-30,"-0.0297"
"10506","000040","上证通信",2019-05-31,"-0.0926"
"10507","000040","上证通信",2019-06-28,"-0.0053"
"10508","000040","上证通信",2019-07-31,"-0.0123"
"10509","000040","上证通信",2019-08-30,"-0.0184"
"10510","000040","上证通信",2019-09-30,"0.0906"
"10511","000040","上证通信",2019-10-31,"-0.0193"
"10512","000040","上证通信",2019-11-29,"0.0287"
"10513","000040","上证通信",2019-12-31,"0.0478"
"10514","000040","上证通信",2020-01-23,"0.0430"
"10515","000040","上证通信",2020-02-28,"0.0294"
"10516","000040","上证通信",2020-03-31,"-0.0911"
"10517","000040","上证通信",2020-04-30,"0.0568"
"10518","000040","上证通信",2020-05-29,"-0.0457"
"10519","000040","上证通信",2020-06-30,"0.0856"
"10520","000040","上证通信",2020-07-31,"0.0611"
"10521","000040","上证通信",2020-08-31,"-0.0170"
"10522","000040","上证通信",2020-09-30,"-0.1059"
"10523","000040","上证通信",2020-10-30,"-0.0299"
"10524","000040","上证通信",2020-11-30,"0.0186"
"10525","000040","上证通信",2020-12-31,"-0.0471"
"10526","000040","上证通信",2021-01-29,"-0.0050"
"10527","000040","上证通信",2021-02-26,"0.0015"
"10528","000040","上证通信",2021-03-31,"-0.0167"
"10529","000040","上证通信",2021-04-30,"-0.0753"
"10530","000040","上证通信",2021-05-31,"0.0161"
"10531","000040","上证通信",2021-06-30,"0.0514"
"10532","000040","上证通信",2021-07-30,"-0.0686"
"10533","000040","上证通信",2021-08-31,"0.0208"
"10534","000040","上证通信",2021-09-30,"-0.0474"
"10535","000040","上证通信",2021-10-29,"0.0585"
"10536","000040","上证通信",2021-11-30,"0.1212"
"10537","000040","上证通信",2021-12-31,"0.0497"
"10602","000041","上证公用",2010-01-29,"-0.0598"
"10603","000041","上证公用",2010-02-26,"0.0402"
"10604","000041","上证公用",2010-03-31,"0.0081"
"10605","000041","上证公用",2010-04-30,"-0.0525"
"10606","000041","上证公用",2010-05-31,"-0.1078"
"10607","000041","上证公用",2010-06-30,"-0.0604"
"10608","000041","上证公用",2010-07-30,"0.0804"
"10609","000041","上证公用",2010-08-31,"-0.0068"
"10610","000041","上证公用",2010-09-30,"0.0062"
"10611","000041","上证公用",2010-10-29,"0.0708"
"10612","000041","上证公用",2010-11-30,"-0.0580"
"10613","000041","上证公用",2010-12-31,"-0.0248"
"10614","000041","上证公用",2011-01-31,"-0.0049"
"10615","000041","上证公用",2011-02-28,"0.0374"
"10616","000041","上证公用",2011-03-31,"0.0018"
"10617","000041","上证公用",2011-04-29,"0.0378"
"10618","000041","上证公用",2011-05-31,"-0.0766"
"10619","000041","上证公用",2011-06-30,"-0.0301"
"10620","000041","上证公用",2011-07-29,"-0.0340"
"10621","000041","上证公用",2011-08-31,"-0.0589"
"10622","000041","上证公用",2011-09-30,"-0.0853"
"10623","000041","上证公用",2011-10-31,"0.0752"
"10624","000041","上证公用",2011-11-30,"-0.0037"
"10625","000041","上证公用",2011-12-30,"-0.0326"
"10626","000041","上证公用",2012-01-31,"0.0096"
"10627","000041","上证公用",2012-02-29,"0.0438"
"10628","000041","上证公用",2012-03-30,"-0.0676"
"10629","000041","上证公用",2012-04-27,"0.0463"
"10630","000041","上证公用",2012-05-31,"0.0097"
"10631","000041","上证公用",2012-06-29,"0.0150"
"10632","000041","上证公用",2012-07-31,"-0.0516"
"10633","000041","上证公用",2012-08-31,"-0.0267"
"10634","000041","上证公用",2012-09-28,"-0.0224"
"10635","000041","上证公用",2012-10-31,"0.0086"
"10636","000041","上证公用",2012-11-30,"-0.0232"
"10637","000041","上证公用",2012-12-31,"0.1043"
"10638","000041","上证公用",2013-01-31,"0.0413"
"10639","000041","上证公用",2013-02-28,"0.0085"
"10640","000041","上证公用",2013-03-29,"0.0342"
"10641","000041","上证公用",2013-04-26,"-0.0477"
"10642","000041","上证公用",2013-05-31,"0.0690"
"10643","000041","上证公用",2013-06-28,"-0.1362"
"10644","000041","上证公用",2013-07-31,"-0.0014"
"10645","000041","上证公用",2013-08-30,"0.0305"
"10646","000041","上证公用",2013-09-30,"0.0122"
"10647","000041","上证公用",2013-10-31,"0.0460"
"10648","000041","上证公用",2013-11-29,"-0.0024"
"10649","000041","上证公用",2013-12-31,"-0.0481"
"10650","000041","上证公用",2014-01-30,"-0.0282"
"10651","000041","上证公用",2014-02-28,"0.0155"
"10652","000041","上证公用",2014-03-31,"-0.0095"
"10653","000041","上证公用",2014-04-30,"0.0031"
"10654","000041","上证公用",2014-05-30,"0.0153"
"10655","000041","上证公用",2014-06-30,"-0.0041"
"10656","000041","上证公用",2014-07-31,"0.0622"
"10657","000041","上证公用",2014-08-29,"0.0471"
"10658","000041","上证公用",2014-09-30,"0.1137"
"10659","000041","上证公用",2014-10-31,"0.0341"
"10660","000041","上证公用",2014-11-28,"0.0551"
"10661","000041","上证公用",2014-12-31,"0.2918"
"10662","000041","上证公用",2015-01-30,"-0.0445"
"10663","000041","上证公用",2015-02-27,"0.0089"
"10664","000041","上证公用",2015-03-31,"0.1130"
"10665","000041","上证公用",2015-04-30,"0.2531"
"10666","000041","上证公用",2015-05-29,"0.0636"
"10667","000041","上证公用",2015-06-30,"0.0255"
"10668","000041","上证公用",2015-07-31,"-0.1685"
"10669","000041","上证公用",2015-08-31,"-0.0788"
"10670","000041","上证公用",2015-09-30,"-0.1041"
"10671","000041","上证公用",2015-10-30,"0.0827"
"10672","000041","上证公用",2015-11-30,"-0.0193"
"10673","000041","上证公用",2015-12-31,"-0.0057"
"10674","000041","上证公用",2016-01-29,"-0.2396"
"10675","000041","上证公用",2016-02-29,"-0.0188"
"10676","000041","上证公用",2016-03-31,"0.1018"
"10677","000041","上证公用",2016-04-29,"-0.0357"
"10678","000041","上证公用",2016-05-31,"-0.0158"
"10679","000041","上证公用",2016-06-30,"-0.0092"
"10680","000041","上证公用",2016-07-29,"0.0270"
"10681","000041","上证公用",2016-08-31,"0.0192"
"10682","000041","上证公用",2016-09-30,"-0.0278"
"10683","000041","上证公用",2016-10-31,"0.0270"
"10684","000041","上证公用",2016-11-30,"0.0378"
"10685","000041","上证公用",2016-12-30,"-0.0517"
"10686","000041","上证公用",2017-01-26,"0.0117"
"10687","000041","上证公用",2017-02-28,"0.0276"
"10688","000041","上证公用",2017-03-31,"-0.0032"
"10689","000041","上证公用",2017-04-28,"0.0246"
"10690","000041","上证公用",2017-05-31,"-0.0096"
"10691","000041","上证公用",2017-06-30,"0.0066"
"10692","000041","上证公用",2017-07-31,"-0.0110"
"10693","000041","上证公用",2017-08-31,"-0.0096"
"10694","000041","上证公用",2017-09-29,"-0.0234"
"10695","000041","上证公用",2017-10-31,"0.0056"
"10696","000041","上证公用",2017-11-30,"-0.0238"
"10697","000041","上证公用",2017-12-29,"-0.0246"
"10698","000041","上证公用",2018-01-31,"0.0032"
"10699","000041","上证公用",2018-02-28,"-0.0332"
"10700","000041","上证公用",2018-03-30,"0.0070"
"10701","000041","上证公用",2018-04-27,"-0.0442"
"10702","000041","上证公用",2018-05-31,"0.0271"
"10703","000041","上证公用",2018-06-29,"-0.0830"
"10704","000041","上证公用",2018-07-31,"0.0618"
"10705","000041","上证公用",2018-08-31,"-0.0605"
"10706","000041","上证公用",2018-09-28,"0.0349"
"10707","000041","上证公用",2018-10-31,"-0.0704"
"10708","000041","上证公用",2018-11-30,"0.0136"
"10709","000041","上证公用",2018-12-28,"0.0397"
"10710","000041","上证公用",2019-01-31,"-0.0153"
"10711","000041","上证公用",2019-02-28,"0.0859"
"10712","000041","上证公用",2019-03-29,"0.0358"
"10713","000041","上证公用",2019-04-30,"-0.0198"
"10714","000041","上证公用",2019-05-31,"-0.0228"
"10715","000041","上证公用",2019-06-28,"-0.0038"
"10716","000041","上证公用",2019-07-31,"0.0171"
"10717","000041","上证公用",2019-08-30,"-0.0171"
"10718","000041","上证公用",2019-09-30,"-0.0276"
"10719","000041","上证公用",2019-10-31,"-0.0124"
"10720","000041","上证公用",2019-11-29,"-0.0055"
"10721","000041","上证公用",2019-12-31,"0.0249"
"10722","000041","上证公用",2020-01-23,"-0.0540"
"10723","000041","上证公用",2020-02-28,"-0.0450"
"10724","000041","上证公用",2020-03-31,"-0.0011"
"10725","000041","上证公用",2020-04-30,"0.0003"
"10726","000041","上证公用",2020-05-29,"-0.0150"
"10727","000041","上证公用",2020-06-30,"0.0237"
"10728","000041","上证公用",2020-07-31,"0.0732"
"10729","000041","上证公用",2020-08-31,"0.0227"
"10730","000041","上证公用",2020-09-30,"-0.0391"
"10731","000041","上证公用",2020-10-30,"-0.0147"
"10732","000041","上证公用",2020-11-30,"0.0536"
"10733","000041","上证公用",2020-12-31,"-0.0352"
"10734","000041","上证公用",2021-01-29,"-0.0208"
"10735","000041","上证公用",2021-02-26,"-0.0094"
"10736","000041","上证公用",2021-03-31,"0.1268"
"10737","000041","上证公用",2021-04-30,"-0.0627"
"10738","000041","上证公用",2021-05-31,"0.0127"
"10739","000041","上证公用",2021-06-30,"0.0132"
"10740","000041","上证公用",2021-07-30,"-0.0483"
"10741","000041","上证公用",2021-08-31,"0.1198"
"10742","000041","上证公用",2021-09-30,"0.2620"
"10743","000041","上证公用",2021-10-29,"-0.0977"
"10744","000041","上证公用",2021-11-30,"-0.0589"
"10745","000041","上证公用",2021-12-31,"0.1613"