return,risk free return,predicting return,historical mean return,volatility
-0.04282966666666667,0.0025916666666666666,0.0013454081721416683,0.00924455462962963,0.019837077521999997
-0.027502333333333333,0.0025833333333333333,0.001996049296341826,0.009100304709141274,0.020227180916999994
0.021260333333333332,0.0025666666666666667,0.0025685878622601632,0.008999192449355433,0.019134425868999997
0.04397966666666667,0.002558333333333333,0.0021586457704870915,0.009032969696969697,0.014756124213999999
0.036183999999999994,0.00255,0.001552754642918694,0.009128977106227107,0.016921503889000003
-0.0034466666666666665,0.0027416666666666666,0.0009480078653279073,0.009203100456621005,0.015009631249
0.0071136666666666674,0.0026333333333333334,0.0009438731149619406,0.009168538251366121,0.013496140174
-0.051806333333333336,0.0028083333333333333,0.0008617852155274885,0.0091629391462307,0.010946407854000001
-0.06082066666666667,0.0029416666666666666,0.001971005190625749,0.008997261775362319,0.012272158913999999
-0.04181733333333333,0.0029833333333333335,0.0032982643822515034,0.008808053297199638,0.013684201071000001
0.020944666666666664,0.0027583333333333336,0.004041203144775851,0.008671227927927927,0.015148469466
-0.03995533333333333,0.002533333333333333,0.0038536664068617305,0.00870430997304582,0.015706611434
0.04348466666666667,0.002033333333333333,0.004874467368731636,0.008573504480286737,0.015790488862
-0.015384,0.001275,0.003876423927835146,0.008667100089365503,0.016243280542000003
0.031968666666666666,0.0010833333333333333,0.004225335903438682,0.008602792335115864,0.015821387862000002
0.03256933333333333,0.0009416666666666666,0.003484190973323531,0.008665101333333333,0.016346096637
0.020554666666666666,0.0007583333333333334,0.002653040161179329,0.008728676418439716,0.015303298314000001
0.027306333333333332,0.0006916666666666666,0.002192565290046397,0.008760045092838196,0.014257219527
0.043201666666666666,0.0007583333333333334,0.0015188798652730068,0.008809109347442681,0.015040610506000002
0.016590666666666667,0.0014083333333333333,0.0007691863091085216,0.00889985488126649,0.016878088096999998
0.04880366666666667,0.002033333333333333,0.0006021868210255577,0.008920093859649123,0.014801248094
0.02517833333333333,0.0021916666666666664,-0.00013041896039139855,0.009024775153105862,0.014035670022000001
0.026392,0.002225,-0.0003935832355350527,0.009067061954624782,0.013276707365999998
0.051803666666666665,0.0023083333333333332,-0.0005572435897390621,0.00911229677980853,0.013533807846
0.003981,0.0023499999999999997,-0.0010576956590437059,0.009223472222222221,0.015061510306
0.004461,0.0022500000000000003,-0.0010024993743747157,0.009209855411255411,0.013029703543
0.0010186666666666669,0.002333333333333333,-0.0008598887780485731,0.00919755267702936,0.012875677183000001
0.037595666666666666,0.0024583333333333336,-0.0007719732931170536,0.009176418604651163,0.011794478383
0.021264333333333333,0.0023666666666666667,-0.001075358845449903,0.00924966408934708,0.012275814178
-0.0034,0.002675,-0.001121752510698515,0.009280550128534704,0.012379994369999998
0.031837333333333336,0.002666666666666667,-0.001001691592244558,0.009248035897435896,0.011596631990999999
-0.013892666666666668,0.0028166666666666665,-0.0012241687368017562,0.009305809036658142,0.010854676407
-0.04654866666666666,0.0033666666666666667,-0.0010082528875893781,0.00924662925170068,0.010653390182
0.009199,0.003375,-0.0004983672680379803,0.009104656488549618,0.009933674737
0.015027666666666665,0.0034583333333333337,-0.000556720691311241,0.009104895939086295,0.009342663313
0.025885333333333333,0.003741666666666667,-0.0005930704415064852,0.00911989029535865,0.00886546282
-0.073558,0.0036249999999999998,-0.0007910943151919342,0.009162227272727272,0.006815113405
0.010622,0.0033,0.0003920127979226279,0.008953863979848866,0.011665656332999999
-0.015324333333333334,0.0027583333333333336,0.0006869842923354075,0.00895805527638191,0.011814440895999997
-0.018804666666666664,0.002691666666666667,0.0012594073604598188,0.00889719715956558,0.011961109348
0.030771333333333335,0.0027416666666666666,0.001535958488014716,0.0088279425,0.010616415201
0.019752,0.00205,0.0012008094066097708,0.00888266417290108,0.011181112209000001
-0.024864666666666667,0.0019166666666666666,0.0009617788513417158,0.00890970232172471,0.011655913788
0.029550333333333335,0.0019166666666666666,0.0013041277282581087,0.008825894954507857,0.010991998476
-0.06077966666666667,0.0020666666666666667,0.0009546779155366336,0.00887719306930693,0.011859492788999997
-0.0029956666666666664,0.0019166666666666666,0.0018530719343888696,0.008705200823045267,0.013442024033999998
0.044106,0.001975,0.0018778820365115412,0.008676380952380953,0.013285082798999998
0.046964,0.001875,0.0012823793892508956,0.008763431613431613,0.015066809163999996
0.06245333333333333,0.0018666666666666669,0.0006434751902523878,0.008857060457516339,0.016574297956
0.030821333333333333,0.0020166666666666666,-0.00014722051590199126,0.008988102689486552,0.015820735867000002
0.027353333333333334,0.0019916666666666668,-0.0004165243086659831,0.009041354471544714,0.016705248027000002
0.002628666666666667,0.0019083333333333333,-0.0006580110730085992,0.00908590916463909,0.017408472696000002
0.021644666666666666,0.0019083333333333333,-0.0006963227712783182,0.009070236245954691,0.017169428296000003
-0.028614666666666667,0.0019416666666666666,-0.0008157798114606374,0.009100682808716707,0.016601050936000002
0.03192833333333333,0.0018666666666666669,-0.0005622663916556164,0.009009582930756843,0.016837172661
0.022738333333333333,0.0019916666666666668,-0.0007752325818141115,0.009064808835341364,0.017452663982000002
-0.020574,0.0018999999999999998,-0.0008158518976792706,0.009097677884615385,0.017074064793000002
0.02625833333333333,0.0019166666666666666,-0.0006037991590105984,0.00902652278177458,0.0139755667
0.043159333333333334,0.0020666666666666667,-0.0006510478019311483,0.009067747208931418,0.014768233083999998
0.002529333333333333,0.0021666666666666666,-0.0006821865199418756,0.00914911137629276,0.014690165599
-0.03962266666666667,0.002266666666666667,-0.0005291513268385339,0.00913335,0.012326970094000002
0.018317,0.002275,-0.0002093519215211892,0.009017539984164687,0.00958537843
-0.006108666666666667,0.002266666666666667,-0.0002570097366519017,0.009039576619273302,0.00893107465
-0.064018,0.002275,-0.00015286465264544025,0.009003765169424744,0.008084706589
-0.08208866666666667,0.0022416666666666665,0.0004874678280218231,0.008831544025157232,0.011876320269
-0.082944,0.002275,0.001675730453888996,0.008617614117647058,0.017697119869
0.06276966666666667,0.0024333333333333334,0.003004620232029173,0.00840268075117371,0.023493158501000005
0.019319000000000003,0.0023499999999999997,0.0020873657610939456,0.008530003903200625,0.026602487685000002
-0.05113266666666667,0.0023166666666666665,0.0019379338063841012,0.00855521183800623,0.026460460346
0.006029666666666666,0.0022833333333333334,0.0027276570932536492,0.008416079254079254,0.028494743926000002
0.10590966666666667,0.0023583333333333334,0.002814359172944661,0.00841052945736434,0.027770019270000005
0.013142333333333332,0.002391666666666667,0.0015240297265936148,0.008636745552977571,0.03744658801800001
0.047942,0.002425,0.001483801030211146,0.008647175154320987,0.037665840758
-0.02662233333333333,0.0024333333333333334,0.0009057940359814137,0.00873792532717475,0.038807204711
0.03417266666666667,0.0024083333333333335,0.0013443412753975925,0.008656450076804914,0.03896828196799999
0.04665333333333334,0.002416666666666667,0.0009411208216341116,0.008715108045977011,0.040291690564999996
0.017232333333333336,0.0024416666666666666,0.0005133636393013369,0.008802122324159022,0.038887357415999996
-0.021096666666666666,0.0024916666666666668,0.0005188844628971068,0.008821413424866514,0.032898880283000004
-0.004471,0.00265,0.0008738091294746841,0.008753107305936073,0.026737538746999998
0.05069933333333333,0.0027666666666666664,0.0009294128500683396,0.008722984054669704,0.022489423579
-0.013218666666666667,0.0028166666666666665,0.00043368550460944066,0.008818384848484849,0.024878491173999998
0.03195,0.002875,0.0005575878529663625,0.008768414210128495,0.022603690922000003
-0.007420333333333333,0.0029333333333333334,0.00041099875557215615,0.008820861236802412,0.023747365578
0.02313166666666667,0.0029333333333333334,0.0007266589404822804,0.008784199398043643,0.012045538923
0.024457666666666666,0.0029333333333333334,0.0006445864719262923,0.008816513513513514,0.012483617992
0.014073333333333332,0.0029416666666666666,0.00048827009284804074,0.008851662172284645,0.010697050184
0.014282000000000001,0.00295,0.0005514892188328083,0.008863369955156951,0.010401452688
0.0033003333333333326,0.002891666666666667,0.0005258562240284051,0.008875492170022372,0.009360224951
0.013915,0.0029,0.0005665063031056183,0.00886304761904762,0.006990700915000001
0.015184,0.0029,0.0006000197352707473,0.008874299183370453,0.006886378864
0.016026666666666668,0.0028833333333333332,0.0005618230857327364,0.00888832074074074,0.0068672638950000005
-0.014537666666666666,0.002916666666666667,0.0005274224616491144,0.008904148558758315,0.007221535954
0.027457333333333334,0.0029416666666666666,0.000814739929709006,0.008852286135693216,0.004497970439000001
0.005769999999999999,0.0029749999999999998,0.0006895596227781339,0.008893356880058866,0.005313868036
-0.0014353333333333336,0.0030333333333333336,0.0007326134050439498,0.00888647723935389,0.004177562435999999
0.0020280000000000003,0.0031999999999999997,0.0009332862424650742,0.00886379194139194,0.004159982870999999
0.031616000000000005,0.003175,0.0010093727197248298,0.008848801169590644,0.00350793063
0.00047100000000000006,0.003275,0.0008224096387258947,0.008898619985412108,0.0039680774299999996
-0.015488,0.003275,0.0009493487349944776,0.008880219068413391,0.003692599721
0.032337,0.003275,0.0011654108200050278,0.008827129266521423,0.0035448152659999996
-0.006363666666666667,0.0032416666666666666,0.0009807851808939436,0.00887823768115942,0.004774688946
-0.05004666666666666,0.0031666666666666666,0.0011718266232216001,0.008845174981923356,0.004501691604999999
0.011286000000000001,0.0031999999999999997,0.0017458804317159876,0.008717703463203464,0.006372394948999999
0.02436,0.0031999999999999997,0.0016898871827467007,0.008723250539956805,0.006224651045
0.030099333333333332,0.0032666666666666664,0.0015728179614275667,0.008756950431034484,0.006849157004
0.025453666666666666,0.0033583333333333334,0.0013567459896280318,0.008802848028673834,0.007038347759
-0.007229333333333333,0.003408333333333333,0.0012192625928502399,0.008838579399141632,0.0077920040780000005
0.006699,0.00365,0.0014135761113842973,0.008804172733761599,0.007804050515000001
0.0018800000000000002,0.003825,0.0014262642353031624,0.008799674501424501,0.007883820332000002
-0.016625,0.0038750000000000004,0.0014682623148696422,0.008784920398009951,0.0067059536760000005
-0.026865999999999998,0.003825,0.0017472151160090738,0.008730856737588654,0.0068544836600000015
0.018308,0.00385,0.0020408165590399194,0.008655279547062989,0.0072362139720000005
-0.05300666666666667,0.0038666666666666663,0.0019042224257453458,0.008675730225988701,0.006458976392000002
-0.01813,0.00375,0.002596561722497802,0.008545323467230444,0.008863969108
-0.016128999999999998,0.004,0.002865760438162994,0.008489046413502111,0.006873019108000001
-0.07578333333333334,0.0041333333333333335,0.0031263819203782087,0.008437218947368421,0.006810287553
-0.010719,0.004475,0.004320797705675956,0.008260285014005603,0.011184456453000001
0.043874666666666666,0.004458333333333333,0.004516581112844607,0.008220496156533892,0.010110154033000002
0.006789666666666667,0.004433333333333333,0.0037946284966390506,0.008295086471408648,0.011616101578000002
-0.0038073333333333336,0.0041333333333333335,0.0037116114563691405,0.00829194363256785,0.011727457266000002
0.07528166666666666,0.003933333333333333,0.0036703333420159898,0.008266736805555557,0.011620461741000001
0.0037140000000000003,0.0037999999999999996,0.0027139576479260352,0.008406060984060984,0.017862930941
0.037587,0.0035499999999999998,0.0027438578691750884,0.008396326417704011,0.017756828637
0.040171,0.0031999999999999997,0.002312983479800211,0.008456762594893029,0.018918193725
-0.04981,0.003,0.0018240104662438708,0.00852228787878788,0.020308260401999997
0.016368999999999998,0.00295,0.00243949267106857,0.008402015120274914,0.020084696902
0.04294566666666667,0.0035083333333333334,0.00221534815919424,0.008418408093278464,0.020251136263
-0.010382333333333334,0.003558333333333333,0.0017284887667391793,0.008489305954825463,0.022261997738000004
0.030131666666666664,0.003683333333333333,0.0018924174167450833,0.008450634562841529,0.017174842214
-0.031247999999999998,0.0037999999999999996,0.0015564550086657261,0.008494972051806408,0.018279308903
0.0024933333333333326,0.003941666666666667,0.0018529437956033915,0.008413863945578231,0.016696622717999998
0.02293733333333333,0.004141666666666667,0.0018387421005280208,0.008401805838424984,0.016612076213999995
-0.04604166666666667,0.004166666666666667,0.001525966116317272,0.008431349593495934,0.017345242179
-0.03105,0.00415,0.0020646312382029755,0.008320856659905342,0.012823741578999999
0.0053876666666666665,0.004308333333333333,0.0025011122574440867,0.008241158569500674,0.013490891383
0.07960866666666666,0.004483333333333333,0.0024123325459501216,0.00823539393939394,0.011892651029999998
0.011657333333333332,0.004716666666666667,0.0015304515733228427,0.008379291666666667,0.017083071853
0.0053159999999999995,0.0046,0.0014780427195057733,0.008385887323943662,0.015160003629000001
-0.021869,0.004424999999999999,0.0014242038447600386,0.008379722891566264,0.014885106924000002
0.012173333333333333,0.004241666666666666,0.001674658700909222,0.008319104208416833,0.013031425944000002
0.035025999999999995,0.004325000000000001,0.0016150697781930415,0.008326812666666666,0.013254311193000001
0.004128666666666666,0.004458333333333333,0.001252269999396781,0.008380104457751163,0.013659358169
0.04903833333333334,0.004541666666666667,0.0012239994990178027,0.00837163545816733,0.012979702034
-0.04579266666666667,0.004966666666666667,0.0008361845619343777,0.008452483764082173,0.015809109209
-0.012663666666666667,0.005116666666666666,0.0012864004552420663,0.008344854497354497,0.016742599244
-0.047421,0.0051,0.0013935799419511202,0.008303253465346536,0.015046040827999999
0.029830333333333337,0.005016666666666667,0.00199035143123287,0.00819312648221344,0.016113497868999998
0.01767933333333333,0.005091666666666667,0.0016146130692211436,0.008235803418803419,0.017233798861999997
-0.0011793333333333334,0.005033333333333333,0.0014012935053765024,0.008254393044619423,0.010680852839
-0.05972366666666667,0.005366666666666667,0.0014765252226270412,0.008235859201047807,0.010427598278999998
-0.06446533333333333,0.005833333333333334,0.0021752410133281455,0.008102605228758171,0.013283954672
0.03991133333333333,0.005816666666666667,0.00299964609092266,0.007960593607305937,0.016417372959999996
-0.029849333333333332,0.005908333333333333,0.0024929229957261836,0.008022997395833332,0.018238970719000002
0.04106666666666666,0.005833333333333334,0.0028412710843587555,0.007949172189733593,0.017263640999
-0.03518533333333333,0.006033333333333333,0.002256147699983932,0.008013603112840465,0.01938951443
-0.023438666666666667,0.006516666666666667,0.0027442766744461,0.007929721682847895,0.017368537134
-0.08195633333333334,0.0065583333333333335,0.0029971422446910256,0.007868930232558139,0.015988128942
0.05357933333333333,0.005941666666666666,0.004155450264182223,0.007695186976144422,0.021616030137
-0.0027189999999999996,0.0055249999999999995,0.0033932309741219677,0.007783766409266408,0.023367712537
-0.09425599999999999,0.005425,0.003367220084449264,0.0077635298651252405,0.022161272764
-0.060389,0.0057,0.004817948974015697,0.007567338461538461,0.029533700884
-0.05459866666666666,0.005566666666666667,0.005844983234643213,0.007436904030710172,0.032509734288999996
0.070148,0.0053750000000000004,0.0066924127841954326,0.0073180619412515965,0.031959187864
0.044436333333333335,0.0053416666666666664,0.005524986111917346,0.007438195666029317,0.034225199969
0.029601999999999996,0.0051,0.0048245094284606466,0.007508802798982188,0.034611999269
-0.013957,0.004925,0.004304552944267674,0.007550885079365079,0.035243056592
0.049987,0.0044,0.004373740797471354,0.007509995564005069,0.033125023616000004
0.05462566666666667,0.004058333333333333,0.003541675840786483,0.007590597090449082,0.035233130281
0.039127999999999996,0.0037,0.00259278420405587,0.007679678661616162,0.038390588053000003
0.010233666666666667,0.0030833333333333333,0.0019505806944581025,0.007739127284183995,0.034539967233
0.03625133333333333,0.0028166666666666665,0.0017646409780260539,0.007743833962264151,0.031174560280999998
0.03374833333333333,0.0032166666666666667,0.0012102829237309737,0.007797520401757689,0.032692995269000005
-0.040600000000000004,0.00345,0.000719353615224648,0.007846300125313283,0.026168459933000005
-0.0015193333333333335,0.003958333333333334,0.0012432765046641453,0.00775540650406504,0.024557695712
-0.045327000000000006,0.0045000000000000005,0.0011996467991853832,0.007738038077403246,0.022159507409000002
0.03791933333333333,0.004116666666666667,0.0017358984317840664,0.007638851090342679,0.018122627809
-0.008946333333333334,0.003908333333333334,0.0012248821063146342,0.007695344527363183,0.017411803821
-0.043845666666666665,0.0037166666666666667,0.0012867493747832498,0.0076643544382371176,0.016232956461000002
-0.0006186666666666667,0.0035166666666666666,0.0018331830984620184,0.007568610904584881,0.017761716078000003
0.08453833333333333,0.0033416666666666664,0.001831174361183796,0.007553421150278293,0.014812168713
0.016271333333333336,0.0028166666666666665,0.000632932236114575,0.007695985802469134,0.019091251257
0.027554333333333333,0.002666666666666667,0.00039163422877130233,0.007711836722119531,0.017621365417
0.004206666666666668,0.003108333333333333,9.354776088434796e-05,0.007748446494464944,0.018357331769
0.0023843333333333334,0.0030916666666666666,1.3410744463732138e-05,0.007741923879680785,0.01688453237
0.018944,0.003075,-4.950042680730571e-05,0.007732075367647058,0.015548107721
-0.023414333333333336,0.0032583333333333336,-0.00023941596499692935,0.007752647706422019,0.014652821582
-7.16666666666665e-05,0.0033166666666666665,1.0780094415969999e-05,0.007695565323565322,0.015053137197
0.036075,0.0033499999999999997,-1.1322275688417649e-05,0.00768136563071298,0.013396823293
-0.007160333333333333,0.0038833333333333333,-0.00037875439721349324,0.007733178832116787,0.013184128622
0.006928,0.00395,-0.00031633979151576147,0.007706050394656951,0.013169485907000003
0.04631366666666667,0.0039833333333333335,-0.00030443475313906426,0.007704635757575757,0.011677480150000003
0.009437999999999998,0.0042250000000000005,-0.0006577648028590344,0.007774706594071384,0.014198869955000002
-0.021260333333333332,0.004508333333333334,-0.0006658100710821291,0.007777719806763284,0.0066626531240000005
-0.03848466666666667,0.004666666666666666,-0.0004713411930678951,0.007725209764918625,0.006578930884000001
-0.006168,0.005075,-8.434990313534174e-06,0.007641798435619736,0.006809279167
-0.04528066666666667,0.005216666666666666,1.975993954953653e-05,0.007616915915915917,0.0067569645910000005
-0.01925,0.0053,0.0006054019478900705,0.0075217763788968835,0.008332102111
-0.011169666666666668,0.005991666666666667,0.0009445966591165311,0.007473712148414123,0.00804186825
0.032453,0.0066749999999999995,0.0011031675663200416,0.007440301075268817,0.007662415598
-0.038769000000000005,0.007225,0.000665281953051565,0.007485046511627908,0.009182885957
0.03531066666666667,0.006908333333333332,0.0012487676029921194,0.0074024500000000005,0.008623579268000002
-0.005704666666666667,0.006016666666666667,0.0007776063650939205,0.007452197266785502,0.010395284500000001
-0.113745,0.006525,0.0009695772132461838,0.0074287864768683275,0.01027705096
0.011762666666666668,0.006208333333333333,0.0029243700746512183,0.007213557726465363,0.019243391151
-0.014595,0.006475,0.0028470430626556936,0.00722162352245863,0.019379670423
-0.003941333333333333,0.005933333333333333,0.003093454344458353,0.007183010029498526,0.019164975319
-0.028451333333333335,0.006633333333333333,0.003250025058951646,0.007163355712603063,0.018025286259
-0.04459066666666667,0.006941666666666666,0.003714445886716891,0.007100543209876543,0.018500116734
-0.03375433333333333,0.0068583333333333335,0.00445465128065109,0.007009537558685447,0.018312439838999998
-0.01939933333333333,0.006583333333333333,0.005124331107827125,0.006937896309314588,0.018841232155
-0.08298966666666667,0.006291666666666667,0.005463241183065529,0.006891690643274854,0.018978670326999996
-0.08964366666666666,0.0074666666666666675,0.006994333028495156,0.006734280210157618,0.023330253146999998
-0.12422766666666667,0.006716666666666667,0.00877415861646684,0.006565787296037296,0.029088288539999996
0.16189633333333334,0.006216666666666666,0.01103680206787113,0.006337526468877254,0.041114679700000004
-0.051913,0.006225,0.008566660028667808,0.006608534843205575,0.06937656312500001
-0.02397933333333333,0.005958333333333334,0.009517197570402508,0.006506758260869566,0.05996782806900001
0.11839333333333334,0.005216666666666666,0.009851473486915417,0.006453831018518519,0.05996962766900001
0.06287666666666668,0.004583333333333333,0.007973200273375378,0.0066478336221837105,0.075183125369
0.019439,0.004575,0.007064132714657723,0.00674511534025375,0.07973000890500001
0.044749000000000004,0.004675,0.006791515675234297,0.006767039147956247,0.07983065597700001
0.04683466666666667,0.004358333333333334,0.006027371883006817,0.006832525287356323,0.080855940552
0.041769999999999995,0.00445,0.005329118590646123,0.006901375788869765,0.08275326898500002
-0.07061233333333335,0.005108333333333334,0.004623649162407775,0.006961287514318442,0.08472530752900001
-0.02102966666666667,0.005366666666666667,0.005846934361881474,0.0068282281303602066,0.08313349834100002
-0.0376,0.00535,0.006216991289003243,0.006780526255707763,0.07662576858100002
0.05988833333333333,0.004966666666666667,0.006833047207979573,0.006704662108262109,0.06385699596
0.025522333333333334,0.004566666666666667,0.005697076994388206,0.00679541922639363,0.039801186216
-0.015018333333333333,0.004533333333333334,0.005200453772506594,0.006827321976149915,0.038619140793
0.11608466666666667,0.004058333333333333,0.0053376401524999895,0.006790169501133788,0.038404319577
-0.009822666666666667,0.004066666666666666,0.003374336756659796,0.006975728919071874,0.037559227926
0.028473333333333337,0.004166666666666667,0.0035860011594156943,0.006947257062146894,0.033041507862
-0.013660000000000002,0.004050000000000001,0.0030699951122249575,0.006983680203045686,0.033530205266
-0.012449333333333333,0.004333333333333333,0.003369037749315587,0.006948809121621621,0.03117982559
0.03945066666666666,0.004508333333333334,0.0037390143518772345,0.006916097245643621,0.028624971797000003
-0.011560333333333334,0.004358333333333334,0.0031554150676064985,0.006970869248035915,0.028421077078000005
-0.0026843333333333337,0.0042833333333333334,0.0034340473820176215,0.0069397243697479,0.024182171866
0.020187666666666666,0.004233333333333334,0.003674802025817908,0.006923576621923938,0.023939399098
-0.024311,0.0041,0.0034263269609378227,0.006945794528196539,0.023495721839
-0.004999333333333334,0.003958333333333334,0.00414079085232541,0.006893525641025642,0.019698035335
0.05015,0.0036249999999999998,0.0046060838511763486,0.006873671118530886,0.018793771094999998
-0.053503999999999996,0.00385,0.004018057327132535,0.006945798333333334,0.021575586495
-0.019529666666666667,0.0038916666666666665,0.0051445581433023635,0.006845216306156406,0.009606765762000001
-0.016335333333333334,0.003833333333333333,0.005754524336488903,0.006801404208194906,0.00981818127
-0.0031423333333333333,0.0037833333333333334,0.006215919462954293,0.006763034825870647,0.008909111673999999
-0.019197333333333334,0.0041333333333333335,0.0064611064113516,0.0067466352097130255,0.008817170454999999
0.04359266666666667,0.004183333333333333,0.007150196256065659,0.006703752617079889,0.008978225094999999
-0.019778,0.004325000000000001,0.006593482592560387,0.0067646254125412544,0.009328377589999999
-0.016885,0.004575,0.007082901965398514,0.0067208978583196055,0.009515303995
-0.005666666666666666,0.004841666666666666,0.007670676146974087,0.006682072368421052,0.009664283294
-0.04711733333333333,0.0051333333333333335,0.007902720284492223,0.006661795292829775,0.009068578678
0.031668666666666664,0.005083333333333333,0.008927212032472702,0.0065736327868852465,0.010422750413
0.0005116666666666663,0.005058333333333334,0.00868913720816817,0.00661470485542826,0.011772376236000002
-0.06600966666666667,0.005366666666666667,0.008858657896068746,0.0066047325708061,0.008911650511
-0.021635,0.0053750000000000004,0.010141337580496443,0.006486275149537792,0.010123704244000001
0.021683333333333332,0.005241666666666667,0.01073638174214974,0.006440475027144408,0.010143544800000001
0.08372233333333333,0.005241666666666667,0.010460040010766752,0.006465260162601626,0.010712200421000002
0.008377333333333334,0.0053416666666666664,0.009163169829877506,0.006590677489177489,0.018626382836000002
-0.022186333333333332,0.005608333333333334,0.009227310223364094,0.006593573203673691,0.018587669701000002
0.05113233333333333,0.005841666666666667,0.009663409460091858,0.006547003775620281,0.016579953609
0.027741,0.0059,0.008856648405655317,0.006619031771674744,0.019587195076
-0.011704666666666665,0.006541666666666666,0.008530388624017657,0.006653099462365592,0.020567375857000005
-0.09622833333333333,0.006658333333333334,0.008783923965705077,0.006623537842190017,0.020593351801000002
0.019570999999999998,0.007200000000000001,0.01054019443619076,0.006458181136120043,0.026853480444999998
0.009060333333333333,0.007566666666666667,0.010302290596595216,0.006479228999464955,0.026219457382
0.03490533333333333,0.007791666666666666,0.010074212553185545,0.006483365384615384,0.026464889611000002
-0.036415666666666666,0.0077666666666666665,0.009527969562831029,0.006528840533333333,0.024610349971
0.049461000000000005,0.0079,0.01033025015750439,0.006460239084132055,0.025166727572
-0.003700333333333334,0.007883333333333334,0.009525372940067854,0.006528820839978734,0.027732056267999995
-0.024826333333333332,0.008008333333333333,0.0096420533568728,0.006512532377919321,0.019834960461
0.032774,0.00755,0.010268520854250854,0.00646270906200318,0.019929594624
0.004350999999999999,0.0077,0.00974565135309706,0.006504473015873016,0.021280789516
0.05393166666666667,0.007933333333333332,0.009770955552104159,0.006501060221870048,0.018179979441000003
-0.007134000000000001,0.00855,0.009045767405143366,0.0065761086497890305,0.020875540785000004
-0.07530999999999999,0.00975,0.009219911371275334,0.006554449710373881,0.020850889272
0.042952,0.009824999999999999,0.010613942355757647,0.006425325972660358,0.017126217972
0.008306666666666665,0.010033333333333333,0.010033771575906993,0.006482848293963254,0.01919494326
0.051308,0.01,0.009866399516487406,0.006485715932914046,0.019254841731000002
-0.008105666666666666,0.010716666666666666,0.00901874920194267,0.006556080586080585,0.021190478786
-0.11018466666666665,0.012666666666666666,0.00924637877498058,0.006533099791013583,0.020376530905999998
0.031394000000000005,0.011,0.011278857955906857,0.006350442879499218,0.026596006909
0.048409999999999995,0.00715,0.010700605106535983,0.0063895734375,0.028375760656
0.023830333333333332,0.005891666666666667,0.010050655941210865,0.006455127925117004,0.031179829132
0.06148333333333333,0.006716666666666667,0.009710537827168124,0.006482192107995846,0.03043720144
0.0058456666666666665,0.007608333333333334,0.008706998338471973,0.006567730430274753,0.034943214839
0.019376666666666667,0.008558333333333333,0.008729779351510925,0.006566609213250517,0.03129694673
0.008125666666666666,0.009683333333333332,0.008396752683698779,0.006586469767441861,0.032075305899
0.09846833333333332,0.011441666666666668,0.008178391207130861,0.006588852425180598,0.028094352779999998
-0.043542333333333336,0.012908333333333334,0.006476755639478873,0.0067308608964451325,0.037389149150999994
-0.05588666666666667,0.012516666666666666,0.007186507799953182,0.006653278806584362,0.037991235506999996
0.008942000000000002,0.012325,0.008153260062205424,0.006556915254237288,0.036113521542999995
0.027151666666666664,0.011133333333333334,0.008019533142901776,0.006560584615384615,0.036558989511
-0.03161933333333333,0.011408333333333333,0.007470389930549132,0.006592214541730671,0.028514970412
-0.007044333333333335,0.013583333333333334,0.007999543363369686,0.006533607873210634,0.027126203697
-0.02053,0.012275000000000001,0.008123719656162355,0.006512814701378254,0.024082048618
-0.011744333333333334,0.012458333333333333,0.008399806412968273,0.006471464831804282,0.023266796359000003
-0.068465,0.012924999999999999,0.008544290914327873,0.006443654452926209,0.018616066155000003
-0.062716,0.012249999999999999,0.009811348998635484,0.006329464430894308,0.021519747638999998
0.04083166666666667,0.011283333333333333,0.010874887573485682,0.006224372399797056,0.023286200570000002
0.034777,0.009049999999999999,0.01011576698140678,0.006276967071935156,0.025685013314000003
-0.03610066666666667,0.009041666666666667,0.009569598094098047,0.006320214466363176,0.015525611142999999
-0.025600333333333333,0.010233333333333332,0.010187498402685354,0.0062559404040404025,0.015319358667999997
-0.06167433333333333,0.011233333333333333,0.010542549263964314,0.006207746343923347,0.013674546456999998
-0.017371666666666667,0.010566666666666667,0.011661637415706791,0.006105205438066464,0.015766555649
0.030966666666666663,0.010583333333333333,0.011858278254825147,0.006069795374560079,0.014347122449
-0.039580000000000004,0.010075,0.011248849138071636,0.0061072906626506015,0.015665040427999998
-0.02617066666666667,0.010391666666666667,0.011953739569966058,0.006038587969924811,0.016492826932
-0.029657333333333334,0.009458333333333332,0.01230293767812076,0.005990225725725724,0.016673658748
0.12016866666666666,0.007233333333333333,0.012629356395528188,0.005936781109445276,0.017081148553
0.003896,0.0066,0.010954169404912215,0.006107786926147704,0.030227726556999998
0.107438,0.006425,0.010828350486398589,0.006104480817140009,0.027791075416999992
0.039029,0.006725,0.009043389712728181,0.006255724875621889,0.038039884961
0.010218333333333333,0.006616666666666667,0.008421646195285036,0.006304567312468951,0.038212507548
0.028742999999999998,0.00655,0.008148821836865577,0.006310391369047619,0.03776373529199999
0.018974666666666667,0.006758333333333333,0.007580479508080572,0.006343723625557206,0.038773186451999994
0.028511666666666668,0.006958333333333333,0.007266514630138381,0.006362463897131553,0.036891079259999994
0.06887733333333333,0.006841666666666668,0.006696579326704685,0.006395277530864197,0.03810289213499999
-0.012511999999999999,0.0068249999999999995,0.0053957412900185395,0.006487706607495068,0.04210985659599999
0.029645000000000005,0.007324999999999999,0.00564146211560046,0.006459642048252093,0.041271653539999995
-0.03880466666666667,0.007566666666666667,0.0050247930095358995,0.006493838741396263,0.042389457599
0.008080666666666667,0.007783333333333333,0.005675358831167765,0.006427125184094256,0.042957270642
0.006605,0.0075,0.005513520875697835,0.006429556862745097,0.026977667533999997
-0.020308,0.007200000000000001,0.005372229232522771,0.0064298144884973076,0.027066452543
0.016545999999999998,0.0073,0.00571980589243367,0.006390609481915934,0.014273489437999998
-0.013249,0.0075,0.005478855772970456,0.006405478282088824,0.012748692638
-0.011314666666666667,0.007416666666666667,0.00570989622557843,0.006376743664717349,0.012498326413999998
-0.041609,0.007575,0.005951206692158588,0.006350916788321168,0.011267924968999999
0.00936166666666667,0.007933333333333332,0.006748811121939098,0.0062810043731778425,0.011764050836
-0.0012939999999999991,0.008074999999999999,0.006570219297911344,0.006285488597768074,0.010805046961
-0.061322666666666664,0.008191666666666667,0.006569959699848478,0.006274471899224806,0.005117661961
0.014712,0.008225,0.0077988632430240415,0.006176362844702467,0.007908223153
-0.022198333333333334,0.008433333333333333,0.007584741119327165,0.006188733333333332,0.007067548221999999
0.103713,0.008725,0.007929569320025878,0.006147652194886637,0.0062812108030000004
-0.008705666666666665,0.008641666666666666,0.006134878564402521,0.0062886425818882465,0.018671848151
-0.0047856666666666655,0.008116666666666666,0.006245713094246007,0.006267005772005771,0.018472901221999998
-0.017016,0.007175,0.006365271701429226,0.006251079731027857,0.018312177119
0.018839333333333333,0.006716666666666667,0.006767702753040339,0.006217601918465227,0.017840390683999997
0.07040133333333334,0.006466666666666667,0.006477640884465535,0.006235736590038313,0.018460448818999997
0.007274333333333333,0.006891666666666667,0.005261494138216402,0.006327796269727403,0.024353943838999994
-0.007736,0.0070999999999999995,0.005205960779980798,0.006329152340019102,0.023396306238999996
-0.010329,0.006625,0.005358037251044334,0.0063090305197901755,0.023097593709999996
0.05650666666666667,0.006233333333333334,0.005496021909184259,0.006285261904761905,0.023065331365
0.010273333333333332,0.005791666666666667,0.004591995549946881,0.006356904422253922,0.024178735804000002
-0.009221,0.0059,0.004429660854489759,0.0063624833808167145,0.02391071406
-0.012423,0.0059499999999999996,0.0045903698027716655,0.006340316263632053,0.023732267876
-0.03916466666666667,0.005916666666666666,0.004889797843790622,0.006313663825757576,0.011131863761000003
0.03911233333333333,0.005966666666666667,0.005614803839616905,0.006249155555555556,0.012237289169000002
0.06585366666666667,0.006033333333333333,0.004882693045516473,0.006295703966005665,0.014258309849000003
0.04223933333333333,0.005916666666666666,0.00377072633824041,0.006379944365865157,0.019329205337000003
-0.0011856666666666665,0.005891666666666667,0.0030130182051817667,0.006430593220338983,0.020995096537000005
0.07064166666666666,0.005883333333333333,0.0030583119290445715,0.006419850963798776,0.015108553549000002
0.05036533333333333,0.0054666666666666665,0.0019281652902236601,0.006510304225352113,0.020763953618
-0.018398,0.00505,0.0011358557638238287,0.006571984997655884,0.023880761346000003
0.050201,0.005125,0.0014268901560322567,0.006536914794007491,0.024045210834
0.010569000000000002,0.005175,0.0006660224082805505,0.006598154745208041,0.023169869509999996
-0.062399333333333334,0.004858333333333333,0.0004884452333941552,0.006603716153127918,0.023159658820999997
0.06980866666666666,0.004608333333333333,0.0015883188369795742,0.006507208391608392,0.026459596461
-0.08758466666666666,0.004341666666666666,0.0005264092087338135,0.006595618249534451,0.031955586620999996
0.05222133333333333,0.004316666666666667,0.0021337720988234693,0.0064642649930265,0.037779554166
0.020417666666666667,0.004458333333333333,0.0012376984578405525,0.006527993500464253,0.038943983369
-0.032121333333333335,0.004608333333333333,0.0009116025299550079,0.006547311543810849,0.034395057975999996
0.130658,0.0045249999999999995,0.0014254254438577918,0.006493605092592593,0.032833022808999995
0.03711966666666667,0.004658333333333333,-0.0005794294620761892,0.006665816458622285,0.05108531986199999
0.021677666666666665,0.004658333333333333,-0.0010804449665483135,0.006707996306555864,0.046974645520999996
-0.013744999999999999,0.004699999999999999,-0.0014306511115603215,0.006728701244813277,0.044551018192999996
0.004411333333333334,0.004716666666666667,-0.0011328278775995376,0.006700422651933702,0.044454661114
0.045415,0.004725,-0.0010892397354974326,0.006697265287356322,0.041477015222
0.045101333333333334,0.004741666666666667,-0.001633705234136834,0.006750595500459137,0.043743161286000004
0.03407466666666666,0.005033333333333333,-0.0021738282963875977,0.00680334754699679,0.04291651925400001
-0.027273333333333337,0.005333333333333334,-0.002501882674776093,0.006840808150183149,0.038908065029
-0.2209033333333333,0.005108333333333334,-0.002101817316519178,0.006794012345679013,0.03246003157999999
-0.08661566666666667,0.004741666666666667,0.0017361742205964231,0.0064820981735159815,0.07583096816099999
0.06911366666666667,0.004808333333333333,0.0034436056034233137,0.006354741450068399,0.08191550466099999
0.03787033333333333,0.004841666666666666,0.0022655138533890784,0.0064404776867030954,0.086623001576
0.04272833333333333,0.004716666666666667,0.0016571662948736965,0.006483356070941337,0.070172873031
-0.035597,0.00475,0.001048369742614727,0.0065327361489554946,0.070678499772
0.005591,0.004925,0.0017305255191726598,0.0064754167800453516,0.070936452285
0.0027953333333333337,0.005216666666666666,0.0017588942170752297,0.0064742151268115935,0.070965226516
0.04229266666666667,0.005383333333333334,0.0019018340549203233,0.006469223428312979,0.070946098276
-0.010066333333333333,0.005608333333333334,0.0013567734942763338,0.006517764679313459,0.07070507965199999
-0.038371333333333334,0.005883333333333333,0.001599221068402698,0.006495323410013532,0.06824062876699999
0.036705666666666664,0.006033333333333333,0.00245230617008807,0.006434692792792793,0.067766663247
0.020766000000000003,0.006124999999999999,0.0019106026728167025,0.006475544309491678,0.069111921768
-0.020821666666666665,0.006466666666666667,0.0016469086399126531,0.006494803683737646,0.023267565623999995
0.011828,0.006725,0.0021720447240636126,0.0064580385823239115,0.016770279773000003
0.06541133333333334,0.006891666666666667,0.002100831291605737,0.006465256272401433,0.011650031498
-0.03213933333333333,0.007108333333333333,0.0010649845739190977,0.006544378523489932,0.015053440363000003
0.015688,0.007350000000000001,0.0017314923886321276,0.006492523681858802,0.013428963299000002
0.04449866666666667,0.007208333333333334,0.0015298990407426605,0.006504833556448013,0.013008175334000003
0.033997,0.007025,0.0009086622046030474,0.0065556274509803916,0.015571202927000002
-0.012402666666666666,0.006791666666666667,0.0005542449605329819,0.006592264797507788,0.017189815267000003
0.08348633333333333,0.006566666666666667,0.0008953356299523096,0.006566938222222222,0.014948297612000002
0.013269666666666666,0.006583333333333333,-0.0002732260810897891,0.00666936085219707,0.023037966657000003
-0.010462333333333334,0.006458333333333333,-0.0003001837891208753,0.006678137854609929,0.022376638122
-0.030005666666666667,0.006366666666666666,6.915664258227983e-06,0.006655374944665781,0.020566048017
0.014070666666666667,0.006408333333333334,0.0005891368025207622,0.006606752873563219,0.020401724457
0.016298666666666666,0.006358333333333333,0.0005015968194603815,0.00661663885209713,0.020615047873
-0.07402766666666666,0.006366666666666666,0.00032924091516356446,0.006629445767195766,0.020784173713000002
0.0069310000000000005,0.00645,0.0016418583696973243,0.0065228974020255385,0.020134460825
0.020004666666666667,0.006583333333333333,0.0016410245715241106,0.006523435795954266,0.019686961025
-0.030979,0.006475,0.0013706379457453233,0.006541197628458497,0.019863133325
0.09096900000000001,0.00645,0.002018497360715382,0.006491828947368421,0.017789965492
-0.013195666666666666,0.006441666666666667,0.0007163204264132167,0.006602837056504598,0.025597622569
-0.010804,0.00635,0.0010392946249417612,0.0065768547681539806,0.025611755764000006
-0.09700933333333334,0.006208333333333333,0.0012033078102703099,0.0065540751419833985,0.017522051071
-0.05509233333333333,0.0061333333333333335,0.0030008248621422318,0.006418520942408377,0.025372731063000004
-0.009572,0.005975,0.004033631267279736,0.00633811459694989,0.027753682728000006
0.05867766666666666,0.005883333333333333,0.00428637140753807,0.0063173442123585725,0.027207818816000005
0.022370333333333336,0.0056166666666666665,0.003356156322198822,0.006385610604085181,0.030956552096000005
0.03981766666666667,0.005183333333333333,0.0030421974428821996,0.006406424045138889,0.031226484616000003
0.06661500000000001,0.00495,0.002322234629953804,0.006449871694841786,0.028673563696
0.019429000000000002,0.004925,0.0011990567615531161,0.006528008225108225,0.033616061759999996
-0.0024403333333333334,0.0047083333333333335,0.0008320313132122448,0.006544741028966709,0.033502257332
0.038380000000000004,0.00455,0.0008364868185665314,0.006533102331606217,0.03290695514
-0.04999866666666667,0.004641666666666667,0.00022803882660663022,0.0065743014230271665,0.025259478479
0.041876,0.0046500000000000005,0.0010531867704214742,0.0065012097329888024,0.027271119412000003
0.019443333333333333,0.004441666666666667,0.00037705718764942386,0.006546854623655915,0.029415949972
-0.021211,0.00435,0.00012514297738254465,0.006563473797250859,0.021741621596000002
0.009299666666666666,0.004158333333333333,0.0005010423032693057,0.0065277280137280135,0.019628931236
-0.044014,0.0037999999999999996,0.00026102312072119604,0.006531290916880891,0.019797110591000002
0.11069733333333333,0.003391666666666667,0.0009689426582795285,0.006466406076166025,0.017246153666
-0.021514666666666668,0.0031666666666666666,-0.00080416290937739,0.00660003547008547,0.029479181418000003
0.009665,0.0031999999999999997,-0.0004306285880584376,0.006564037131882202,0.027790740521
-0.02283666666666667,0.0033666666666666667,-0.0005163301868054415,0.006568002557544758,0.022834699521
0.025489,0.003125,-0.00010470255387963479,0.006530448701575139,0.022620663105
0.0018250000000000002,0.003025,-0.0005524142973864776,0.006554630527210884,0.023434280277
-0.01808,0.00305,-0.0005649028034037107,0.0065486055201698515,0.021614817876999995
0.038249000000000005,0.002675,-0.00029050317588298624,0.006517271416454623,0.019783461327999997
-0.023223333333333335,0.002608333333333333,-0.0008619780355554607,0.006557591274883524,0.019293566427999998
0.008915,0.002425,-0.00043962256577810555,0.0065197982233502535,0.019148051428000003
0.0024126666666666667,0.0023833333333333332,-0.0005433579056912524,0.006522833967046895,0.018992353706999997
0.031185666666666664,0.002608333333333333,-0.000578692912544268,0.006517631223628691,0.018834237559000003
0.010696666666666667,0.0026833333333333336,-0.0010396594007288512,0.0065488171091445425,0.018359106198999997
0.004782,0.0025,-0.0011906253024735053,0.006554054292929293,0.005521830678000001
0.011084333333333333,0.0024416666666666666,-0.0012524050025186778,0.006551819672131147,0.005238209098
0.018743666666666665,0.0024583333333333336,-0.001353238868094922,0.0065575281276238455,0.005255653549000001
-0.026910666666666666,0.002391666666666667,-0.001572132725242259,0.006572856603773585,0.0053260974530000005
0.023792333333333335,0.0024666666666666665,-0.0011719382113500043,0.006530791876046901,0.005108517818
0.0009076666666666669,0.002558333333333333,-0.0014740265379662443,0.006552450020911753,0.005774530399
-0.0071263333333333335,0.002533333333333333,-0.001456969334164615,0.006545376357560568,0.005560642655
0.03491433333333333,0.0025166666666666666,-0.0013821138051143128,0.006528265331664581,0.003906964528
-0.010040333333333333,0.0024583333333333336,-0.0018649970027543594,0.006563747916666667,0.004883066064
0.017367333333333332,0.0025166666666666666,-0.0017172516949099798,0.00654301872659176,0.0048119571880000005
-0.011238333333333333,0.0025833333333333333,-0.0019614097194828595,0.006556515378221114,0.005184329028
0.010095999999999999,0.00255,-0.0017352694704378807,0.006534354919053549,0.0041172036169999995
0.030945666666666666,0.0024833333333333335,-0.0018417900164056505,0.006538784825870646,0.0040981005329999995
-0.029869333333333335,0.0027083333333333334,-0.0022188236298156527,0.006569103933747412,0.00516257105
-0.046372666666666666,0.002916666666666667,-0.001726694666932052,0.006523894954507858,0.005717338295
0.009750333333333333,0.0030666666666666668,-0.0009802305772421,0.0064583477901693515,0.007156237427
0.012859,0.00345,-0.0010924284777617949,0.00646242202970297,0.006719331555
-0.028212,0.00345,-0.0012080198068883663,0.006470328800988875,0.0062957799550000006
0.02910566666666667,0.003608333333333333,-0.0007419229687020829,0.006427511111111111,0.0068969234430000005
0.03760766666666667,0.0037333333333333337,-0.001170079337515284,0.006455474311549527,0.00794603359
-0.02779,0.00385,-0.0016589919610068837,0.0064938390804597694,0.00825403211
0.018494,0.004125,-0.0012232552077634934,0.006451669536695366,0.008769668986
-0.040656333333333336,0.0044083333333333335,-0.0014109964780241319,0.0064664635544635545,0.008885914691
0.010288333333333333,0.004666666666666666,-0.0007015103509397519,0.006408644171779141,0.010124923169999998
0.021241666666666666,0.004758333333333333,-0.0007750066293957664,0.006413398692810456,0.010188653879
0.03441966666666667,0.004808333333333333,-0.001139552356220333,0.006431548347613219,0.009747155838
0.024558999999999997,0.004775000000000001,-0.0016521675054936152,0.006465763651181744,0.010548271901
0.02468666666666667,0.0047083333333333335,-0.002030424357298319,0.006487855514855515,0.009520331521
0.035084,0.004725,-0.0023190830944406424,0.006510049186991869,0.010220122057
0.019596666666666665,0.0045583333333333335,-0.002687652804583218,0.0065448530247665445,0.011538895057
0.028888333333333332,0.004516666666666666,-0.0028589073703402246,0.006560731143552311,0.011509202438
-0.0010050000000000007,0.0045000000000000005,-0.003138176535245278,0.006587860672336978,0.011554890667
0.037702,0.0044,-0.0030306968906313944,0.006578646035598705,0.009858027411
-0.007842,0.0044,-0.003381030488297354,0.006616371313131312,0.011057482215
0.039712333333333336,0.0044666666666666665,-0.003235991713260687,0.006598867231638418,0.010557710417999999
0.013359666666666666,0.0042833333333333334,-0.003568050175169618,0.006638907698508665,0.011195576954999998
0.030694333333333337,0.004166666666666667,-0.003660955718216931,0.006647024557165861,0.011283200379
0.006063,0.004025,-0.0038350831436214927,0.006676032167269802,0.0118224897
0.005451666666666666,0.0041333333333333335,-0.003758313533261372,0.0066752935742971885,0.01038542146
0.011008,0.004125,-0.0037031107484515255,0.006673821099077416,0.009616810128999998
0.021073666666666668,0.004183333333333333,-0.003752972270976686,0.006679030448717949,0.008981751792999999
-0.00011366666666666643,0.004241666666666666,-0.0038751728884921094,0.006696310924369749,0.008034911361000001
-0.04873266666666667,0.004291666666666667,-0.00382245393073867,0.006688145483613109,0.00746848772
0.01771966666666667,0.004208333333333333,-0.0032450556856314233,0.006621773253493014,0.008327596176
0.05179333333333334,0.004241666666666666,-0.0032710882730479784,0.006635048245614035,0.008796218335000001
0.022639666666666666,0.004158333333333333,-0.0036059343440844743,0.0066890007964954205,0.010163561156000001
0.07226333333333333,0.0041916666666666665,-0.0037372827514139464,0.006708035003977725,0.010869846596000002
-0.023906666666666666,0.004091666666666667,-0.0041472481194602395,0.00678617004370282,0.01476342958
0.05858733333333334,0.0041916666666666665,-0.003913312724188871,0.006749630952380952,0.014844788356000001
0.0035770000000000003,0.004175,-0.00422533877048048,0.00681126912405866,0.017570701876
-0.045936333333333336,0.0042833333333333334,-0.004191528346229739,0.0068074279493269985,0.017529027636
0.055974,0.0043,-0.0038696244692499465,0.006744861209964413,0.019172127820000003
0.05719266666666666,0.004208333333333333,-0.004170112392347054,0.006803189573459716,0.022576075207
0.03999466666666667,0.004108333333333333,-0.0043742660602969705,0.006862822090729782,0.025708241959
0.07617966666666667,0.004208333333333333,-0.00447181766576512,0.006901985027580772,0.027636276184000004
-0.05925333333333333,0.0042833333333333334,-0.0045104662865813605,0.006983776859504132,0.032123504247
0.049761,0.004125,-0.004348610943375998,0.0069056670597484274,0.034664367963
-0.03674666666666667,0.004141666666666667,-0.004380957683652653,0.006956144483706321,0.034428147734
0.04203766666666667,0.0042833333333333334,-0.004256898005639352,0.006904729411764705,0.034773100955000004
0.012846999999999999,0.0043,-0.004268503093004458,0.006946013709361535,0.031073368971
0.007794,0.0042,-0.004225922236559022,0.006952939749608764,0.030974754355
0.06771433333333333,0.004241666666666666,-0.0041762178832727564,0.00695392575224697,0.02717740755
0.04714433333333333,0.0041916666666666665,-0.004098640601754362,0.007025073770491804,0.032294979982000004
0.00715,0.004125,-0.003947679739980205,0.007071996881091617,0.033195392469
-0.021840666666666664,0.004166666666666667,-0.0038284113459454566,0.00707208800623053,0.029689563018
0.03682,0.00415,-0.0037943583531606442,0.007038350836250486,0.026231850493
-0.014242333333333333,0.0041333333333333335,-0.003621060072807207,0.007073061383061382,0.025965316784000003
-0.14720733333333333,0.004083333333333334,-0.0035972456285154122,0.007048247186651145,0.019605278121000002
0.05933433333333333,0.003841666666666667,-0.003474329984691632,0.00686888023255814,0.03706805659700001
0.076811,0.0033,-0.0035350001735089676,0.006929815718157182,0.03815556257700001
0.058489,0.0036750000000000003,-0.003523166620724154,0.00701088437741686,0.043510248873
0.056014666666666664,0.003658333333333333,-0.003370621798135222,0.007070534569331788,0.045228976728000005
0.039183333333333334,0.0036166666666666665,-0.0031298234799102403,0.00712718287037037,0.048495824048
-0.035635,0.0037,-0.0028710079096339117,0.0071642420038535645,0.050183808012
0.035279,0.0037,-0.0029820159338201785,0.00711482024634334,0.046025986301
0.033984,0.003575,-0.002773525336059457,0.0071473048827374085,0.044909963845999996
-0.026909,0.00375,-0.0025883842197736706,0.0071782227342549925,0.046193516702
0.05062266666666666,0.0038083333333333337,-0.0027139398025884734,0.007138996931338703,0.046417485706999995
-0.03401166666666667,0.0037916666666666667,-0.002427165459926342,0.007188978160919539,0.047701678568
-0.008922333333333334,0.003933333333333333,-0.002573697078150146,0.007141675468809797,0.048512735087
-0.031979,0.0039,-0.002573054503214503,0.007123253440366972,0.028053145832
0.060188000000000005,0.004050000000000001,-0.0026678427197245475,0.007078462772050401,0.024850369097000002
0.016597,0.0042250000000000005,-0.0023881516403151115,0.007139228832951944,0.022559117420000004
0.05824566666666666,0.004333333333333333,-0.0022798518363015066,0.0071500377142857145,0.019128310208
-0.05406333333333333,0.004433333333333333,-0.001876261404043067,0.00720836605783866,0.019483574519999998
-0.022083000000000002,0.004625,-0.002200319845926786,0.007138500950209045,0.02011487142
0.09374633333333333,0.004741666666666667,-0.002284649977559769,0.00710521905846621,0.019399808959
-0.03630166666666667,0.004716666666666667,-0.0017389251658077517,0.007203786879029199,0.027580332662
-0.027129,0.004825,-0.0019984106226357337,0.007154348863636363,0.027167266406
0.021477333333333334,0.004741666666666667,-0.0021690727451210215,0.007115434733257662,0.027128395540999998
-0.01776166666666667,0.004966666666666667,-0.002054868132170082,0.00713171806500378,0.024853097741
0.057519,0.005075,-0.0021871335988881413,0.007103526236315591,0.024103561365999997
-0.057088,0.005,-0.0018996322604349775,0.007160557315233785,0.027996680080999998
-0.009211666666666667,0.005091666666666667,-0.0022932853377630735,0.007087960075329567,0.029921409583999997
-0.08340966666666667,0.005141666666666667,-0.0023544073939007065,0.0070695632054176075,0.025811863339999998
0.0009116666666666674,0.004808333333333333,-0.0026736642096645627,0.006967557309282226,0.03150418748
0.028083333333333335,0.004291666666666667,-0.0026814510405898176,0.006960737612612613,0.027620774639000003
-0.09501866666666667,0.004066666666666666,-0.0026731497633297324,0.006984497562804649,0.026205778364000003
-0.06738933333333333,0.003683333333333333,-0.0029185399230917952,0.006869887265917603,0.034173262904
0.0746,0.003225,-0.0029852478015028397,0.006786543583988028,0.028531831195999998
0.0038533333333333336,0.0030166666666666666,-0.0030076270943001915,0.0068625676382660684,0.03359094959600001
-0.027414333333333332,0.0029083333333333335,-0.0030368501501676984,0.006859197835013064,0.03314067808
-0.012242,0.0029249999999999996,-0.0031080080493715856,0.006820860551826995,0.03305378615500001
-0.066235,0.0028,-0.0030885402593142375,0.006799561266294227,0.032976880619000004
-0.082561,0.0022,-0.00303934039781234,0.006718049479166667,0.033082871008
0.01774,0.0018000000000000002,-0.0028325551502598745,0.006618518766257896,0.036827601585
0.07722866666666667,0.0015583333333333334,-0.002863548497618655,0.006630903489235338,0.037192438785
0.0076426666666666665,0.0014083333333333333,-0.002961877943738221,0.0067094327030033365,0.03727395033000001
-0.015699,0.001375,-0.002945006335545758,0.00671046962962963,0.037323152531
-0.020914333333333333,0.0014333333333333333,-0.0029038974820851243,0.006685597854236033,0.036480188882
0.03608033333333333,0.0014916666666666667,-0.0028487239024433605,0.0066549992609017,0.028587431939000006
-0.062426,0.001425,-0.002889975703107367,0.006687585455887781,0.025940632687000004
-0.009241666666666665,0.0014416666666666666,-0.0026906350854487004,0.006611132374631268,0.023605024063
-0.07276566666666666,0.0014166666666666666,-0.002585569288825411,0.0065936154696132595,0.023618667163
-0.075387,0.0014,-0.002237041816367656,0.006506022442972774,0.028108802928000002
0.005710999999999999,0.00135,-0.0018509379289552777,0.006415732451304668,0.033496072608
-0.11032333333333334,0.0013583333333333331,-0.0019167682381273435,0.006414956314243759,0.029521931103999997
0.08728233333333334,0.0013166666666666667,-0.0012383757349160793,0.006286531353135313,0.034937412008000004
0.057994000000000004,0.001025,-0.0017027746783687056,0.006375537728937729,0.042405383209
-0.059825666666666666,0.0009916666666666665,-0.001937785689474364,0.0064321990486644704,0.039681234201
-0.027554,0.000975,-0.0015128953250245214,0.00635954788011696,0.043060753156
-0.016221,0.000975,-0.0012970113152382737,0.006322402701715956,0.043562019421
0.009366333333333332,0.0009416666666666666,-0.0011403242854228363,0.00629773814733771,0.043414950576
0.08183233333333334,0.0009416666666666666,-0.0011548467468644671,0.006301091803278688,0.042109550255999995
0.052359333333333334,0.0008916666666666667,-0.0016464978439469646,0.006383549490538574,0.045239963330999985
0.012049333333333332,0.0007666666666666667,-0.0019098475828075653,0.0064336866593965834,0.04801479233199999
0.017182,0.00075,-0.001963817747748599,0.006439803921568628,0.043088362387
0.018805333333333334,0.0007916666666666666,-0.0019374505676739498,0.006451492927094668,0.037935842841999995
-0.011520333333333334,0.0007833333333333333,-0.0019178186896269891,0.006464921014492754,0.03827002752999999
0.05479333333333333,0.0007666666666666667,-0.001765364965153289,0.006445393051031488,0.026511939473999997
0.008484,0.0007750000000000001,-0.0018378275712291336,0.006497831164135937,0.021749070273000003
0.05103,0.00075,-0.0016986689301184618,0.006499983026363309,0.018351556993000003
0.01834466666666667,0.0007333333333333333,-0.0017339783311273033,0.0065481756854256865,0.017571285837000003
0.013628,0.0007750000000000001,-0.0016654707842685829,0.006560928648648649,0.01722881268
-0.015765333333333333,0.0007833333333333333,-0.0015790830778524764,0.006568560475161987,0.017203818573
-0.016367333333333334,0.0007833333333333333,-0.0013973994136275564,0.006544467817331896,0.017322024033
0.012779,0.0008500000000000001,-0.0012208827817640697,0.006519778376436781,0.010713350013
0.018429666666666664,0.0010583333333333334,-0.0011637551266616697,0.006526515966989594,0.008063430653
-0.03406233333333333,0.0011083333333333333,-0.0011326399943375337,0.006539315053763441,0.008278962941
0.002573666666666667,0.0012333333333333332,-0.0008824778079960516,0.006495704260651629,0.009043372433000001
0.009442,0.001375,-0.000795555670241796,0.006491496065808298,0.008673823273
0.013506333333333334,0.0014666666666666667,-0.0007443016677523978,0.0064946584494462315,0.008675547593
0.038834,0.001725,-0.0007629531079188095,0.006502165596002855,0.005812824722
0.031909,0.001825,-0.0008785249190571345,0.006536745098039216,0.007372128122
-0.02576566666666667,0.0019416666666666666,-0.0009590069128185136,0.006563852207977209,0.005828942477999999
0.019035333333333335,0.002116666666666667,-0.0007361123197792002,0.006529348986125934,0.00603255537
-0.01952333333333333,0.0022833333333333334,-0.0006921788782235372,0.006542681592039801,0.006272516064999999
-0.021242666666666667,0.0023166666666666665,-0.0004919348489808711,0.006514922257720979,0.006345273340999999
0.029627333333333335,0.0023666666666666667,-0.00029613726678721225,0.006485392907801419,0.0064606057609999995
-0.0007580000000000002,0.002475,-0.0003341374815182055,0.006509985830676585,0.007298472156
0.034680666666666665,0.0026833333333333336,-0.0002344279810708727,0.006502270346779901,0.006921638101
-0.012025666666666667,0.0028666666666666667,-0.0003231460945150866,0.006532151997172145,0.007231740481
0.005216999999999999,0.00285,-0.00019868631416996435,0.006512493290960452,0.007301134512999999
-0.018763666666666665,0.0030916666666666666,-0.00016193343968653323,0.006511122398589066,0.007249203513
0.035055666666666666,0.0032333333333333333,2.2167499328651363e-05,0.0064844048625792815,0.007270624368
-0.0033016666666666667,0.0032416666666666666,-4.401677902803741e-05,0.006514575149595213,0.0070916394079999995
0.022908666666666667,0.0035333333333333336,4.967485243947273e-05,0.006504220464135021,0.005953660252000001
-0.0012666666666666664,0.0036916666666666664,-4.233233950684534e-06,0.006521506498068143,0.00608525664
0.009150666666666668,0.003758333333333333,5.978772236016339e-05,0.006513308421052631,0.005643730161
0.008230666666666667,0.003833333333333333,7.294956499351302e-05,0.006516081668419207,0.005513154842
-0.032252333333333334,0.003933333333333333,8.350045260976935e-05,0.006517882703081232,0.005300501462
-0.002404666666666667,0.003991666666666667,0.000310750605480907,0.006477200419727177,0.005078851187
0.0014460000000000002,0.004125,0.0003817086865928604,0.0064678902865129275,0.005078421666999999
0.02001666666666667,0.0041333333333333335,0.00042281072849648105,0.006462631762652705,0.0037133892119999997
0.022478666666666668,0.004008333333333333,0.00039006471414138044,0.006476809623430961,0.004212724431
0.028427,0.0041,0.0003403864172035684,0.0064935304771856495,0.004849209110999999
0.01426833333333333,0.004116666666666667,0.0002738303251642732,0.006516425539318024,0.005661603256
0.009726333333333333,0.0040416666666666665,0.000280709024750192,0.006524508863399375,0.0045335639600000005
0.011163,0.00415,0.0003013852879366688,0.006527844097222222,0.004723118184000001
-0.023479666666666666,0.0041916666666666665,0.0002950611772132433,0.006532667360388484,0.004258426789
0.006777333333333332,0.004116666666666667,0.0004566346338879604,0.006501469507969508,0.0046245731079999994
0.03993266666666667,0.004058333333333333,0.00046373380433228223,0.006501755970924196,0.004576610063
0.03051733333333333,0.003941666666666667,0.0003310796470144192,0.0065364353388658375,0.006366278048
-0.020461666666666666,0.003841666666666667,0.0002592463923677818,0.006561286010362694,0.006751734968
-0.035213666666666664,0.004016666666666667,0.0003941081774445493,0.006533311939268461,0.007025440799000001
0.011594,0.0035,0.0006147727991904703,0.0064901402964495,0.007967657567
0.03422633333333334,0.0032416666666666666,0.0006315705680829398,0.006495412878787879,0.007612263903000001
0.014110000000000001,0.00325,0.000543973246377609,0.006524030959752322,0.008314553758
-0.044107,0.002725,0.0005499230032046595,0.006531851546391752,0.0075579176290000005
-0.008616,0.0025,0.00083519079331041,0.006479700308959835,0.008932379328000001
-0.06345766666666666,0.0022916666666666667,0.000952419103429733,0.006464169753086419,0.008780226960000002
-0.03318566666666667,0.0017666666666666668,0.0013461886932720213,0.006392307639602603,0.012287018547
-0.00445,0.00105,0.0016171591677214964,0.006351673169062286,0.012902145164000001
0.047554,0.001075,0.0017126021226925026,0.0063405945299145295,0.012795025928000001
0.011544333333333334,0.0014416666666666666,0.0014671391715102844,0.00638282137978142,0.013224597488000003
-0.084392,0.0015500000000000002,0.0014441922864446843,0.00638810440122825,0.012205811003000003
-0.008664333333333333,0.0013583333333333331,0.002046474893284099,0.006295282208588956,0.018792383567000002
0.013521666666666666,0.0014333333333333333,0.0021251208903358826,0.006280001702417433,0.017872508393999998
-0.08640866666666666,0.0009416666666666666,0.0020571417775315792,0.006287391156462584,0.017868331583
-0.16753833333333332,0.0005583333333333333,0.002738168939237888,0.006192899762147468,0.023769088647999998
-0.07367033333333332,0.00015833333333333332,0.004124106349536506,0.0060159840461642905,0.051350039448
0.01197,2.4999999999999998e-05,0.004710868548111098,0.00593491963377416,0.055041583667999994
-0.08272333333333333,0.00010833333333333334,0.004593976827469412,0.005941052845528455,0.055148058236999996
-0.103838,0.00025,0.005218512715979666,0.005851038240270727,0.058232016905999995
0.08745900000000001,0.000175,0.006084678466307954,0.005739791751183231,0.067975337089
0.09409666666666666,0.00013333333333333334,0.005255490986738595,0.005822587301587302,0.07564349504500001
0.054490000000000004,0.00015,0.00429863034513725,0.005911933535762483,0.08215800830400001
0.002326,0.00015,0.003668921823139479,0.005961051904280418,0.084974901708
0.07433200000000001,0.00015,0.003462770784101614,0.005957380134680135,0.07811823532
0.03460933333333333,0.00014166666666666668,0.002679672739693273,0.0060263757147662285,0.083612426008
0.036433999999999994,9.999999999999999e-05,0.002212296118513625,0.006055189180107527,0.08459640598399999
-0.018317333333333335,5.833333333333334e-05,0.0017355822136533305,0.006085782141658274,0.078626531051
0.06021533333333333,4.166666666666667e-05,0.0016828813734257111,0.0060612317236753855,0.051077601732
0.018941333333333334,4.166666666666667e-05,0.0010985332167395,0.006115657956448911,0.049304493637
-0.035801,4.9999999999999996e-05,0.000782220952602837,0.0061285351405622485,0.049520967901
0.030332333333333333,9.166666666666667e-05,0.000961218082839374,0.006086479438314945,0.043973863677
0.060889,0.000125,0.0007100585219518701,0.0061107738810955246,0.034169009709
0.01584366666666667,0.00013333333333333334,0.0002945530221434012,0.006165606940273607,0.030211999948999996
-0.08024433333333333,0.00013333333333333334,0.0002305486587329611,0.006175285,0.021587971578
-0.053625000000000006,9.999999999999999e-05,0.000776669899357256,0.006088951714951715,0.025020214299
0.07031766666666667,0.00013333333333333334,0.001167995872319326,0.006029356952761144,0.027879009348
-0.045567333333333335,0.00013333333333333334,0.0007642356685989421,0.006093452974410103,0.027294784425
0.090258,0.000125,0.0011362761826832005,0.006041998007968128,0.028151400780000002
0.03861766666666666,0.00010833333333333334,0.0006299152001047539,0.006125795024875621,0.034985754313
-0.00016766666666666669,0.00011666666666666668,0.0004625312127162218,0.006158093108018555,0.036152066308000004
0.06693733333333333,0.00011666666666666668,0.0005308502112033042,0.006151811320754717,0.03252116286
0.023224,0.000125,0.00022001009355248485,0.006212114417989419,0.036657047487
0.03239966666666667,0.00010833333333333334,0.0001900464926394771,0.0062289745622728775,0.03592408928699999
0.0005416666666666666,8.333333333333334e-05,0.00011539924169789995,0.006254886138613861,0.036055239574999995
0.029390999999999997,4.9999999999999996e-05,0.00021163570600115506,0.006249235080778107,0.032332922004
-0.011346333333333333,3.3333333333333335e-05,0.00018175956745124233,0.006272102437417655,0.032944429956
-0.016578333333333334,3.3333333333333335e-05,0.00036483629528547,0.006254710102007239,0.026654641604
-0.01986133333333333,3.3333333333333335e-05,0.0005737031039406149,0.0062321923076923075,0.024063453004
-0.05433866666666667,1.6666666666666667e-05,0.000796157306971107,0.006206484400656814,0.019493259187
-0.07024633333333333,8.333333333333334e-06,0.001250404320834772,0.006146892716535434,0.020379890515000002
0.10899733333333333,1.6666666666666667e-05,0.0018420097905168797,0.006071776466732219,0.01714418047
-0.002735333333333333,8.333333333333334e-06,0.0013105947662894815,0.006172882121807465,0.02752852959
0.009418666666666665,8.333333333333334e-06,0.0014853443754778081,0.0061641400065423615,0.027535963517999997
0.045180000000000005,2.4999999999999998e-05,0.0015677096464553689,0.006167330718954248,0.023128592931
0.043265,7.5e-05,0.0014009691365368115,0.0062055409729023835,0.024626909154999998
0.03279933333333333,6.666666666666667e-05,0.0012633456679646063,0.006241802674494455,0.025448494690999995
-0.0061006666666666666,6.666666666666667e-05,0.0011815194260697479,0.006267763115021179,0.026528278021999994
-0.059865,7.5e-05,0.0013240327297449062,0.0062556845703124996,0.025697914696999995
0.04139,7.5e-05,0.0018215988020795215,0.006191176585365853,0.029144774828
0.014279666666666668,8.333333333333334e-05,0.0016756741589502647,0.00622548343079922,0.030590384028000003
0.022660666666666666,8.333333333333334e-05,0.0017245238860265702,0.006233325868224602,0.030403530213
0.025028333333333333,9.166666666666667e-05,0.0017310119220143375,0.006249305771725032,0.027969940065
-0.017920333333333333,8.333333333333334e-05,0.001705323931313743,0.006267555555555555,0.023667577821000003
0.005251,7.5e-05,0.0019826046993107124,0.006244072168284789,0.012101684194000002
0.008449666666666666,5.833333333333334e-05,0.002118381163735944,0.006243108955706433,0.012122613941000001
0.052302666666666664,5.833333333333334e-05,0.0022221431273033374,0.0062452470930232555,0.012106131676000003
0.012929666666666667,8.333333333333334e-05,0.0019931263998442944,0.006289833171990965,0.012804313972000003
0.037509,7.5e-05,0.0020017561143228224,0.00629625467440361,0.011095296541000001
0.019570999999999998,4.9999999999999996e-05,0.001865764058379002,0.0063264119162640894,0.011427679641000001
0.02308666666666667,3.3333333333333335e-05,0.0018585649223360062,0.006339196267696267,0.011776254126
-0.013642666666666668,4.166666666666667e-05,0.0018381951839634217,0.00635534619093539,0.008735944426000002
0.050638666666666665,3.3333333333333335e-05,0.002017594829357268,0.006336080282594733,0.007201585401999999
-0.029240333333333333,3.3333333333333335e-05,0.0018331775538254075,0.0063787199230028865,0.009562941217
0.031643333333333336,1.6666666666666667e-05,0.0021037524314385277,0.0063444708333333325,0.009898700529999999
0.04622633333333333,4.166666666666667e-05,0.002023974374345563,0.006368773294908741,0.010270041730000002
0.030758666666666667,5.833333333333334e-05,0.0018272659637700792,0.006407024312220089,0.012092610984999998
0.025891666666666667,5.833333333333334e-05,0.001727991883573931,0.00643037200383509,0.013013932197999999
-0.03469933333333334,3.3333333333333335e-05,0.0016545646846225504,0.0064490130906768835,0.013614948633999998
0.04571533333333333,4.166666666666667e-05,0.0019318788732839744,0.0064096366826156305,0.012075005868999998
0.008014333333333333,4.166666666666667e-05,0.0018021012765120671,0.006447213830465264,0.013999370748999998
0.00653,2.4999999999999998e-05,0.0018531810709724907,0.006448710601719197,0.012651712829
0.023284,2.4999999999999998e-05,0.0018988672198426773,0.0064487881679389306,0.012309697213000001
0.020601666666666667,3.3333333333333335e-05,0.0018739893089959776,0.006464836987607244,0.012318472294
-0.013999000000000001,2.4999999999999998e-05,0.0018576697284173188,0.006478300634920635,0.012559288318000001
0.039752,2.4999999999999998e-05,0.002007403477585757,0.006458816999682842,0.010186909410000002
-0.013944666666666666,1.6666666666666667e-05,0.0018966151451705084,0.006490464512040558,0.010916070290000001
0.023955333333333332,1.6666666666666667e-05,0.0020469021233517973,0.0064710579297245965,0.010107703874
0.02761433333333333,1.6666666666666667e-05,0.001990406621564935,0.006487646426312461,0.008541632834
-0.002498,2.4999999999999998e-05,0.0019358323717361611,0.0065076717219589245,0.008355417506
-0.029455000000000002,2.4999999999999998e-05,0.0020155248704344826,0.006499143623737374,0.007688130735000001
0.05699133333333334,1.6666666666666667e-05,0.0022592701673204985,0.006465128350678019,0.007352524079
-0.015018,2.4999999999999998e-05,0.0020750674885089172,0.006512884688090737,0.008508733094
0.009083333333333334,1.6666666666666667e-05,0.0022458958407570104,0.006492553352219075,0.008668624007
0.012505333333333334,1.6666666666666667e-05,0.002255763662982087,0.00649499748427673,0.008708465982
-0.019359666666666667,1.6666666666666667e-05,0.00225890766921924,0.006500662268300345,0.008321956984999998
0.021272,2.4999999999999998e-05,0.002421627792957747,0.006476311676082863,0.008270305409
-0.060144333333333334,5.833333333333334e-05,0.0023643713395645437,0.006490230479774224,0.008528594942000001
-0.024563666666666668,1.6666666666666667e-05,0.0027556157145550812,0.006427604010025063,0.010556712609
0.08343233333333333,1.6666666666666667e-05,0.0029523020619029935,0.006398504225352113,0.010965278634000002
0.0032730000000000003,9.999999999999999e-05,0.0025557957631442384,0.006470768605378362,0.017354357451000002
-0.015438666666666667,0.00019166666666666667,0.002604469580054187,0.006467771633864417,0.016602262419000004
-0.04931666666666666,0.00021666666666666668,0.002749993213194593,0.006447259987515606,0.016828617699000004
-0.0020003333333333336,0.00025833333333333334,0.0030713434410195826,0.006395095416276895,0.018373302799
0.06709833333333333,0.00024166666666666664,0.0031224327451771436,0.0063872492211838015,0.015126425298999999
0.003555333333333333,0.00019166666666666667,0.0027812529090985236,0.006443935574229692,0.01943631085
0.018262,0.00022500000000000002,0.0027957939725797264,0.006441240982587065,0.019367540858999995
0.00245,0.00022500000000000002,0.002745406376703379,0.006452257533395464,0.019552509543999997
0.036321,0.00025,0.0027708351188473965,0.006448531036623215,0.01918551352
0.000997,0.00025,0.00260971058957608,0.0064763193798449605,0.020069389352
0.00020433333333333336,0.00024166666666666664,0.0026465866370085703,0.006471227075588599,0.016460616964999997
-0.018233,0.000275,0.002681784092622968,0.006465408232745279,0.015858260672
0.035415,0.000375,0.002822263972326527,0.00644249690785405,0.009217014834999999
0.018775,0.00042500000000000003,0.002674083872463512,0.006469348161878282,0.010486561806
0.018958999999999997,0.00042500000000000003,0.002611056704885248,0.006480742283950617,0.010622730796999998
0.03902566666666667,0.00043333333333333337,0.0025523996822587915,0.006492285538082023,0.008587660252999998
0.0010473333333333333,0.0006166666666666666,0.002403478299842908,0.006522353357979051,0.010141638369999999
0.009924333333333334,0.0006666666666666668,0.0024387069628411355,0.0065172979378270235,0.0056097316660000006
0.013810333333333334,0.0007416666666666666,0.002433861573814443,0.006520440959409594,0.005707860938
0.004981333333333333,0.0008166666666666666,0.002420210965176188,0.00652715975422427,0.005577852473
0.019804333333333334,0.0008916666666666667,0.0024342466284304268,0.006525736341313689,0.005604313652
0.0013963333333333332,0.0008416666666666667,0.0023856001101873886,0.006537952161913523,0.0046952000269999995
0.019191666666666666,0.0008583333333333333,0.0024270104201702634,0.006533226409313725,0.004698653662
0.023266333333333333,0.0008916666666666667,0.002377473017777909,0.006544850321395776,0.005100457245999999
0.030364,0.001025,0.002309728365144717,0.00656019113149847,0.005361576446
0.010048999999999999,0.0011,0.0023897320095183257,0.006582009471432936,0.005065921667
0.056885,0.0011749999999999998,0.0022096204911514587,0.0065851843711843714,0.004821581867999999
-0.038969333333333335,0.0013083333333333334,0.0020293803316432657,0.006631204330588594,0.007816806011999999
-0.026875666666666666,0.0014166666666666666,0.0022373053362460607,0.006589521937842778,0.0076781442519999995
0.0023033333333333334,0.0014666666666666667,0.0024029896851307936,0.006558960121765601,0.008323536037
0.022250000000000002,0.0015500000000000002,0.0024297064571474312,0.006555077250608272,0.008225579656
0.005256666666666666,0.0015833333333333333,0.002373557146892344,0.006569384381646916,0.008580258951999998
0.03551066666666667,0.0016333333333333332,0.0023920734630902447,0.006568188828172434,0.008593427748
0.031246333333333334,0.0016916666666666664,0.0022901472794092242,0.006594524112829845,0.009544780068
0.0033630000000000005,0.0017749999999999999,0.0022212782635134473,0.006616934848484849,0.010624683268
-0.070284,0.001875,0.0022538174265070016,0.006613979412655162,0.010249079811999998
0.01781033333333333,0.0019416666666666666,0.002626523820726593,0.006544199032062915,0.014345262129
-0.09262100000000001,0.001975,0.002598954963830398,0.006554413115744937,0.013750134311999998
0.07943399999999999,0.001975,0.003136860931073824,0.006464580314009662,0.021842531427
0.029716333333333334,0.0019916666666666668,0.0027940932890066945,0.006530615987933634,0.025098993108
0.017530999999999998,0.002,0.0026970589104038413,0.0065515795660036165,0.024686039451
0.03864566666666667,0.001983333333333333,0.0026565104653101315,0.006561497741644083,0.024419338731
-0.06514533333333333,0.001958333333333333,0.002519941047896955,0.00659045457280385,0.026055841471999998
0.06775266666666667,0.0018083333333333332,0.0028844878455969065,0.006525769461977757,0.029481998440999996
0.012853,0.00175,0.0026042828413783345,0.006580928828828829,0.034273945561999995
-0.01771,0.001625,0.0025848124975209365,0.006586574257425743,0.033107516435
0.017216,0.001575,0.0027101079987572607,0.006564724820143884,0.032281331816
0.020246,0.001375,0.002670836813823716,0.006574294699011681,0.032608034453
0.03492266666666667,0.0012833333333333334,0.0026126376130798344,0.006586567324955117,0.028395710813
0.028504666666666664,0.0012833333333333334,0.0025009376465762005,0.006611980866965621,0.029316443745
